Price,Close,High,Low,Open,Volume
Ticker,NVDA,NVDA,NVDA,NVDA,NVDA
Date,,,,,
4/1/2021,13.04619884,13.58243311,12.89597378,13.03699663,560640000
5/1/2021,13.33595085,13.37450167,13.01983171,13.03251594,322760000
6/1/2021,12.54975986,13.17702385,12.52140653,13.15463929,580424000
7/1/2021,13.27551746,13.30909479,12.82036588,12.90094956,461480000
8/1/2021,13.20861149,13.35212109,12.97506646,13.29392198,292528000
11/1/2021,13.55158901,13.88934699,13.29391848,13.3498794,518344000
12/1/2021,13.41554356,13.68390974,13.27651125,13.6819192,291476000
13/1/2021,13.46230125,13.55507294,13.31630491,13.42076557,210028000
14/1/2021,13.1325016,13.52995113,13.11285332,13.5053284,283120000
15/1/2021,12.79350185,13.25686125,12.78255863,13.16011038,277780000
19/1/2021,12.95839977,13.02679635,12.77807945,12.94944519,226188000
20/1/2021,13.29715443,13.36157183,12.98974027,13.04445735,258572000
21/1/2021,13.79632759,13.92740151,13.18498137,13.34963165,337780000
22/1/2021,13.64212322,13.7707104,13.55731085,13.66948224,246820000
25/1/2021,13.58317852,13.75752916,13.16856741,13.71101902,251112000
26/1/2021,13.36629677,13.57472092,13.31879136,13.51080067,163980000
27/1/2021,12.85145092,13.16483379,12.72808679,13.16209751,371272000
28/1/2021,12.98401737,13.27128605,12.89398197,12.92954888,228316000
29/1/2021,12.92308235,13.26631197,12.84523402,13.00789472,271552000
1/2/2021,13.16906452,13.20264089,12.83652954,12.98625743,217204000
2/2/2021,13.48717308,13.50234407,13.21731449,13.32998399,220440000
3/2/2021,13.46105671,13.86024723,13.44712862,13.56601451,245408000
4/2/2021,13.59412384,13.60332606,13.26929954,13.46155746,201340000
5/2/2021,13.52124691,13.66674704,13.47622921,13.65455996,169152000
8/2/2021,14.36464787,14.39946809,13.65679925,13.65679925,434624000
9/2/2021,14.19004726,14.50840463,14.1495059,14.2671489,287560000
10/2/2021,14.68847466,14.82850221,14.26789483,14.38901985,485352000
11/2/2021,15.17247868,15.19386892,14.84840111,14.90336772,450828000
12/2/2021,14.88446426,15.21277052,14.69916948,14.97275866,374756000
16/2/2021,15.2515707,15.29360449,14.87327227,14.98693609,321960000
17/2/2021,14.82949734,15.14536793,14.70414361,15.09313666,274756000
18/2/2021,14.75289345,14.79691588,14.50019639,14.6534063,233868000
19/2/2021,14.84989166,15.09910573,14.77055091,14.94738826,271724000
22/2/2021,14.28207302,15.05558286,14.25148056,14.69892229,325884000
23/2/2021,14.06942081,14.16567453,13.32078225,14.00301286,391780000
24/2/2021,14.4245863,14.43229703,13.68539957,14.05026801,448320000
25/2/2021,13.2392025,14.30097536,13.14842135,13.97341482,824436000
26/2/2021,13.64411354,13.78339441,13.29242744,13.68191767,500932000
1/3/2021,13.77070904,13.85353181,13.4836899,13.80378824,353184000
2/3/2021,13.33744526,13.84905578,13.32724777,13.82866081,264116000
3/3/2021,12.73902988,13.38245993,12.73306016,13.35734004,377592000
4/3/2021,12.3067627,12.90840961,12.0217331,12.7350533,573344000
5/3/2021,12.39754391,12.48558972,11.61930825,12.48558972,542840000
8/3/2021,11.53375149,12.40724473,11.50713821,12.38610402,543112000
9/3/2021,12.46029091,12.55632822,12.00149819,12.07215828,521824000
10/3/2021,12.40854168,12.91784026,12.39784334,12.77900863,384376000
11/3/2021,12.93127537,12.98377334,12.67351586,12.88798374,299916000
12/3/2021,12.79443359,12.82702689,12.52970765,12.58767817,243964000
15/3/2021,13.12807751,13.14350335,12.70610824,12.80314116,221988000
16/3/2021,13.22759914,13.44778917,13.05393435,13.29253611,272128000
17/3/2021,13.27736187,13.38882504,12.92729596,12.97730537,243864000
18/3/2021,12.66157246,13.12086252,12.65609896,13.07359034,293896000
19/3/2021,12.78423214,12.85961973,12.5520995,12.68894083,299208000
22/3/2021,13.1231041,13.33035688,12.84494254,12.85091433,297804000
23/3/2021,13.00815487,13.28059324,12.95889146,13.19077543,222048000
24/3/2021,12.58245277,13.09623108,12.57623327,13.08826902,245840000
25/3/2021,12.47521877,12.65385973,12.21323007,12.43964054,295144000
26/3/2021,12.77776527,12.79468406,12.31424591,12.49437889,363968000
29/3/2021,12.88624191,12.99994496,12.63918075,12.75885463,273520000
30/3/2021,12.81010914,12.91311386,12.64415772,12.78050174,200204000
31/3/2021,13.28432751,13.40599167,12.92032872,12.95317068,314776000
1/4/2021,13.74560642,13.80357694,13.44654464,13.50725333,308276000
5/4/2021,13.92051315,13.94688599,13.66723158,13.80108795,255672000
6/4/2021,13.79511738,13.98694428,13.70753946,13.93270565,191744000
7/4/2021,14.07576847,14.17528901,13.64583712,13.81427613,251284000
8/4/2021,14.24843597,14.40219608,14.18076084,14.18449368,244416000
9/4/2021,14.33104134,14.3390034,14.10711938,14.14593218,195172000
12/4/2021,15.13616562,15.27897874,14.07153869,14.22131826,869324000
13/4/2021,15.60441113,15.62481313,15.05331297,15.15855662,676212000
14/4/2021,15.20384216,15.6452179,15.15457874,15.55017524,385500000
15/4/2021,16.05997276,16.13660369,15.55664405,15.58749573,598480000
16/4/2021,15.83629799,16.08833534,15.78927352,15.97612428,335208000
19/4/2021,15.28818321,15.73179878,15.16004994,15.46209667,404420000
20/4/2021,15.09859657,15.42278599,14.89134382,15.24986813,334132000
21/4/2021,15.28693962,15.2889299,15.02992613,15.04634664,216776000
22/4/2021,14.7791338,15.36456688,14.71270293,15.30137058,277788000
23/4/2021,15.19214725,15.26156307,14.82889541,14.86273204,227500000
26/4/2021,15.4038763,15.40487192,15.05256712,15.1122802,197796000
27/4/2021,15.30808926,15.59545617,15.28096946,15.50389674,164572000
28/4/2021,15.20359135,15.45786858,15.14263493,15.29092156,209416000
29/4/2021,15.25136185,15.36257634,14.9993245,15.32625116,173196000
30/4/2021,14.93762112,15.2914189,14.92518117,15.10183187,201912000
3/5/2021,14.76570034,15.1737368,14.71668654,15.05256995,203912000
4/5/2021,14.28252316,14.56740245,13.94315656,14.56715378,405324000
5/5/2021,14.38925934,14.74255977,14.31859925,14.63855944,292024000
6/5/2021,14.45345211,14.50147125,14.14991334,14.42583498,193380000
7/5/2021,14.74131489,14.89905556,14.60148767,14.73733433,229328000
10/5/2021,14.19743443,14.73509711,14.18175992,14.71643671,268904000
11/5/2021,14.23773861,14.28600641,13.68415281,13.75879345,285584000
12/5/2021,13.69261074,14.19195786,13.64359695,13.94240816,303408000
13/5/2021,13.59980869,14.01331955,13.39454621,13.96654375,285404000
14/5/2021,14.1747942,14.25938719,13.68266206,13.82348493,258616000
17/5/2021,14.09766102,14.10139291,13.78715586,14.08920163,216980000
18/5/2021,13.94862747,14.33526713,13.93693352,14.19867448,186256000
19/5/2021,13.99838829,14.01207252,13.47839054,13.50152882,344000000
20/5/2021,14.54252338,14.61343214,14.20216116,14.2340075,321592000
21/5/2021,14.91995525,15.14910296,14.7982911,15.09113149,672992000
24/5/2021,15.53723526,15.66959775,15.10332243,15.13964761,554816000
25/5/2021,15.5728159,15.74274787,15.40835742,15.69049951,435408000
26/5/2021,15.62481403,15.71811507,15.51160926,15.65890027,370440000
27/5/2021,15.4138298,15.6745752,15.38596401,15.62456579,581476000
28/5/2021,16.16670799,16.1995509,15.42676964,15.42676964,644536000
1/6/2021,16.18661308,16.30977116,15.82709309,16.19208753,472804000
2/6/2021,16.69790077,16.83772895,16.15775053,16.17442065,594168000
3/6/2021,16.88847923,17.1763453,16.50358216,16.6207684,580008000
4/6/2021,17.49406815,17.57642027,17.01363011,17.030547,617120000
7/6/2021,17.53462219,17.72719604,17.11041494,17.48710229,575756000
8/6/2021,17.37340164,17.53711316,17.16838687,17.44331478,323848000
9/6/2021,17.27908134,17.49484387,17.17704982,17.43586423,381656000
10/6/2021,17.34552956,17.41222533,17.09766652,17.27087275,287772000
11/6/2021,17.74394989,17.85743026,17.36418966,17.39977605,416308000
14/6/2021,17.93656731,17.95722271,17.58219199,17.82433245,321376000
15/6/2021,17.70737076,17.93408282,17.64714749,17.8332949,243032000
16/6/2021,17.72902298,17.87286469,17.50430258,17.70961308,307124000
17/6/2021,18.57215691,18.74909585,17.67526714,17.69343342,809656000
18/6/2021,18.55374336,19.28663543,18.49924262,18.69833123,968856000
21/6/2021,18.34320641,18.45195915,17.74146361,18.35116934,672384000
22/6/2021,18.8006115,18.87726188,18.3021457,18.38725647,580144000
23/6/2021,18.97033501,19.0654004,18.82151694,18.92106125,332356000
24/6/2021,19.11791039,19.33143255,19.00119468,19.14006004,320924000
25/6/2021,18.94420242,19.25726884,18.80832557,19.19256476,278364000
28/6/2021,19.89384651,19.98716891,19.23088386,19.27294083,495436000
29/6/2021,19.93541527,20.0070855,19.5673506,19.79182228,367632000
30/6/2021,19.91127777,20.07054793,19.77316047,19.90804247,326568000
1/7/2021,20.11981773,20.36270439,19.92769717,20.03321463,480136000
2/7/2021,20.39356232,20.41173049,20.19522179,20.34702642,342764000
6/7/2021,20.60410309,20.74694803,20.25744186,20.64292479,446708000
7/7/2021,20.27884102,20.77979598,20.23927316,20.7583944,418428000
8/7/2021,19.81197548,20.04117474,19.61089712,19.76593703,503300000
9/7/2021,19.95880127,19.98866513,19.66415178,19.87145201,296624000
12/7/2021,20.41894722,20.43910328,20.09567745,20.14768905,321984000
13/7/2021,20.15764427,20.36793111,20.02226486,20.30745722,290708000
14/7/2021,19.75100899,20.32463098,19.66266481,20.26490515,380100000
15/7/2021,18.87975121,19.75648507,18.77249268,19.72139612,550564000
16/7/2021,18.07817268,19.06963053,17.99057468,18.94370828,688224000
19/7/2021,18.69410324,18.95515621,17.78402148,17.83354586,749060000
20/7/2021,18.52711105,18.75208011,18.08115441,18.64457289,434687000
21/7/2021,19.32146645,19.43793336,18.65651407,18.79587489,371017000
22/7/2021,19.50463486,19.7962978,19.18808441,19.55241627,323826000
23/7/2021,19.4688015,19.61015407,19.16220565,19.56635412,195672000
26/7/2021,19.2060051,19.35332892,18.82773713,19.22292776,203943000
27/7/2021,19.12039185,19.53250314,18.65552089,19.17713108,248863000
28/7/2021,19.41405106,19.55639851,18.90836852,19.23089023,202191000
29/7/2021,19.57232475,19.76245361,19.23984655,19.42997541,190781000
30/7/2021,19.41006851,19.54046966,19.17514481,19.32943667,183497000
2/8/2021,19.65992355,19.86996166,19.27269778,19.61015235,217444000
3/8/2021,19.72462845,20.1297718,19.1323409,19.64996975,301811000
4/8/2021,20.18153954,20.22533949,19.73757249,19.89883434,231309000
5/8/2021,20.54287529,20.63843811,20.24922069,20.406501,211435000
6/8/2021,20.27310944,20.47617946,20.11782082,20.43038974,178497000
9/8/2021,20.20244026,20.41446818,20.05113307,20.35275067,146443000
10/8/2021,19.84508133,20.33682789,19.74454022,20.22932063,179238000
11/8/2021,19.60915565,19.95755974,19.34138341,19.95158659,185925000
12/8/2021,19.8142128,19.93764588,19.53051285,19.77937259,151652000
13/8/2021,20.09592056,20.12180295,19.76045775,19.81421231,183063000
16/8/2021,19.8590107,20.19447356,19.36427583,20.0431664,210876000
17/8/2021,19.36925316,19.67983041,19.17912432,19.59521711,204585000
18/8/2021,18.95316315,19.54445389,18.91334467,19.41106426,285913000
19/8/2021,19.70770454,20.40152613,18.67642839,19.40509019,766555000
20/8/2021,20.72106171,20.76983801,19.8420895,19.89982363,675741000
23/8/2021,21.85785294,21.89667462,20.85445085,20.87535499,575807000
24/8/2021,21.69360924,21.85885254,21.43678646,21.65379265,297299000
25/8/2021,22.11169052,22.36751837,21.62293064,21.63786162,347701000
26/8/2021,21.96735191,22.23811072,21.69061995,22.09874985,237940000
27/8/2021,22.5327549,22.61836309,22.06589418,22.08281684,304722000
30/8/2021,22.58452606,22.93790655,22.44815175,22.72587864,262580000
31/8/2021,22.2868309,22.59547087,22.02299367,22.59547087,259850000
1/9/2021,22.34259033,22.59746822,22.25895906,22.386398,201767000
2/9/2021,22.29778862,22.49392523,22.19723169,22.41925337,187834000
3/9/2021,22.74283028,22.88520285,22.10265028,22.22710214,280532000
7/9/2021,22.56262398,22.79858421,22.42323661,22.73287364,198107000
8/9/2021,22.24103355,22.510845,21.88061968,22.41427027,254434000
9/9/2021,22.07974434,22.43916126,22.03394654,22.21415253,196856000
10/9/2021,22.37942314,22.5267729,22.17233515,22.24999219,248376000
13/9/2021,22.05485535,22.86329469,21.76214403,22.58452191,297500000
14/9/2021,22.14446068,22.3117232,21.98914466,22.177315,199755000
15/9/2021,22.24302483,22.26891178,21.86966936,22.21116557,166538000
16/9/2021,22.14446068,22.17930704,21.83084155,22.0857194,156033000
17/9/2021,21.80395889,22.22311216,21.73426618,22.20220434,294503000
20/9/2021,21.02041626,21.33901269,20.57139377,21.05327059,349440000
21/9/2021,21.15283012,21.33104411,20.85812864,21.32307977,204688000
22/9/2021,21.84478378,21.86369957,21.10304994,21.27230453,268726000
23/9/2021,22.3834095,22.43617658,21.79400465,22.04290832,248555000
24/9/2021,21.98416901,22.0518716,21.76513444,21.97321756,217655000
27/9/2021,21.56501389,21.70340427,21.23148388,21.61479386,245215000
28/9/2021,20.60822487,21.32506856,20.56043504,21.12096765,343069000
29/9/2021,20.42703056,20.924838,20.37724868,20.84817599,218394000
30/9/2021,20.6251545,20.97362003,20.5972774,20.67692651,221009000
1/10/2021,20.65104103,20.76752663,20.11440324,20.65900537,240978000
4/10/2021,19.64546585,20.45191307,19.46924204,20.41407961,345635000
5/10/2021,20.36131477,20.55745135,19.76693272,19.8625124,279282000
6/10/2021,20.60922623,20.62913708,19.99194424,20.03176974,297202000
7/10/2021,20.98258018,21.22849675,20.88003123,20.99950393,256919000
8/10/2021,20.73965263,21.11300821,20.68389844,21.0084691,151258000
11/10/2021,20.60424995,20.97063627,20.4210568,20.48477723,163388000
12/10/2021,20.58035278,20.96465977,20.43798022,20.73666389,162134000
13/10/2021,20.8471756,20.89795254,20.62216684,20.82626778,180652000
14/10/2021,21.65064049,21.6595999,21.02937628,21.19464871,243589000
15/10/2021,21.76612854,21.8348262,21.56700674,21.71435653,226994000
18/10/2021,22.12454987,22.19324752,21.54908355,21.65362454,189494000
19/10/2021,22.19225502,22.28086354,21.94036422,22.17831457,161473000
20/10/2021,22.00607491,22.33462772,21.88560522,22.20718876,146276000
21/10/2021,22.59248734,22.61140502,21.98615875,22.0000973,187590000
22/10/2021,22.62633896,23.02856662,22.46206352,22.7229137,249384000
25/10/2021,23.06441307,23.25258345,22.6701497,22.87225862,230235000
26/10/2021,24.60860825,25.14823314,23.8190865,23.88380199,485898000
27/10/2021,24.3437748,24.97997252,24.17551529,24.36667465,245990000
28/10/2021,24.83162498,24.84058629,24.41545879,24.76890154,234204000
29/10/2021,25.45487785,25.59625532,24.89036494,24.89136001,292503000
1/11/2021,25.71374321,25.78044884,25.11637395,25.53652428,265740000
2/11/2021,26.28521919,26.56100485,25.68685501,25.70875979,294112000
3/11/2021,26.48135757,26.66654272,26.1199505,26.55304233,239910000
4/11/2021,29.67031288,31.22745338,26.9990782,27.10959149,1153631000
5/11/2021,29.62152863,31.26230043,29.28102745,30.05462048,851260000
8/11/2021,30.66891479,30.96361626,29.77584719,30.01678651,503101000
9/11/2021,30.52256012,32.16831303,29.83260023,32.14043594,646746000
10/11/2021,29.32981682,30.71471779,28.65180336,29.22726975,636206000
11/11/2021,30.25672913,30.45585282,29.64641837,30.33438809,332172000
12/11/2021,30.25672913,30.54545829,29.50006175,29.87839639,413054000
15/11/2021,29.89333344,30.50961847,29.11874526,30.41802285,384909000
16/11/2021,30.07055092,30.25673115,29.57573065,29.62849963,264484000
17/11/2021,29.13268471,30.37521309,28.67370584,30.28461064,428508000
18/11/2021,31.53609276,32.61633372,31.18364509,32.22505942,781711000
19/11/2021,32.84035492,32.94290388,31.76509101,32.10160816,533867000
22/11/2021,31.81586266,34.49506179,31.76010848,33.37001612,754335000
23/11/2021,31.60678482,32.21809257,30.74458136,31.39670968,532163000
24/11/2021,32.53071213,32.71091813,30.7923687,31.32303224,435162000
26/11/2021,31.36484909,32.56655482,31.21252017,32.4570366,283069000
29/11/2021,33.22963333,33.26547476,31.89550958,32.22406423,454964000
30/11/2021,32.5327034,33.20673647,31.72426592,33.02354146,622066000
1/12/2021,31.30097961,33.14707727,31.2462138,33.07737601,484368000
2/12/2021,31.98903847,32.33953899,30.89273247,31.08092779,472890000
3/12/2021,30.56214333,31.99202186,30.00154201,31.86357023,544325000
6/12/2021,29.90893936,30.11206819,27.91846145,29.75260723,658938000
7/12/2021,32.28875732,32.3106667,30.52032959,30.82502672,593053000
8/12/2021,31.69031525,32.15233776,31.28704121,31.86257802,475551000
9/12/2021,30.36000824,32.06769853,30.2982723,31.59870403,488507000
10/12/2021,30.06925583,31.17153667,29.73369268,31.0171968,488825000
13/12/2021,28.04093742,30.16484489,27.9961292,30.12003667,598344000
14/12/2021,28.21618462,28.55573036,27.13381917,27.58090425,667035000
15/12/2021,30.32914352,30.36996909,27.71931737,28.27892166,698297000
16/12/2021,28.26597595,31.02715445,27.97323065,31.01918913,707366000
17/12/2021,27.68247223,28.79869318,27.64164667,27.86568777,713758000
20/12/2021,27.60082245,28.02400974,27.02927024,27.18858794,461847000
21/12/2021,28.95104408,28.99585231,27.28417923,28.25303247,524385000
22/12/2021,29.27466011,29.42899999,28.32771425,28.76783123,395184000
23/12/2021,29.51362991,29.93084414,29.30552134,29.62813939,343022000
27/12/2021,30.8130703,30.9544651,29.51363367,29.53354886,403686000
28/12/2021,30.19272041,31.19642215,29.88404075,31.17849925,420591000
29/12/2021,29.87309265,30.41776144,29.24079969,30.14393426,343139000
30/12/2021,29.45986557,30.3271525,29.41406215,29.69983733,308864000
31/12/2021,29.2856102,29.90197257,29.20595134,29.54748943,266530000
3/1/2022,29.99258232,30.58006707,29.65801438,29.68788717,391547000
4/1/2022,29.16512489,30.33810207,28.2281368,30.1479164,527154000
5/1/2022,27.48631287,29.29058784,27.41561642,28.82557789,498064000
6/1/2022,28.05786514,28.31675688,26.94961135,27.52215875,454186000
7/1/2022,27.13083267,28.30082422,26.9416422,28.02102212,409939000
10/1/2022,27.28318405,27.35189012,25.53466996,26.46767549,594681000
11/1/2022,27.69840622,27.94535001,26.72457702,27.20651282,404089000
12/1/2022,27.87962723,28.47308496,27.49029351,27.9473362,383413000
13/1/2022,26.46170044,28.35857741,26.38502716,28.25800819,540171000
14/1/2022,26.82713127,27.08104513,26.09825183,26.18786826,395832000
18/1/2022,25.7925663,26.52443334,25.6601339,26.14804463,424270000
19/1/2022,24.96012878,26.42983584,24.94519334,25.96781526,488315000
20/1/2022,24.04703712,25.46994549,23.97534359,25.19611833,435181000
21/1/2022,23.27434921,24.71717104,23.16382238,23.40678161,718958000
24/1/2022,23.27235413,23.28031944,20.79894531,22.23479683,913982000
25/1/2022,22.22882843,22.84519091,21.90621029,22.44988213,664616000
26/1/2022,22.67491341,23.9544348,22.20492561,23.14091855,755959000
27/1/2022,21.8504467,23.89270329,21.58259252,23.46752367,573353000
28/1/2022,22.74263,22.76055292,21.20521167,21.91815887,543774000
31/1/2022,24.38161087,24.40451353,22.95372431,23.08316926,564680000
1/2/2022,24.53295326,25.03779157,23.78814136,24.99696602,518925000
2/2/2022,25.13438225,25.70692962,24.4483187,25.68402886,543419000
3/2/2022,23.8459034,24.97008989,23.67862035,24.35372936,410178000
4/2/2022,24.2153244,24.52997723,23.53125292,23.8698036,354829000
7/2/2022,24.62257385,25.07463681,24.09881546,24.26809075,376868000
8/2/2022,25.00094986,25.12242944,23.87775892,24.25514273,410359000
9/2/2022,26.59114456,26.61105975,25.24490946,25.51276169,524282000
10/2/2022,25.71389771,26.81020338,25.49085371,25.88417007,513200000
11/2/2022,23.84689903,26.04050813,23.67165067,25.80551419,605472000
14/2/2022,24.16353989,24.76894753,23.65372172,23.83195942,440424000
15/2/2022,26.38204193,26.431828,24.67833618,24.84263173,699869000
16/2/2022,26.39797211,26.46867045,25.44306109,26.14704758,732676000
17/2/2022,24.40251732,25.6750686,24.06197634,25.52072874,810595000
18/2/2022,23.54120445,24.87947428,23.00151541,24.56282926,761255000
22/2/2022,23.29027939,23.96140567,22.90194271,22.93679334,633422000
23/2/2022,22.2915554,24.05201934,22.20592351,23.70052367,566511000
24/2/2022,23.64675903,23.6985374,20.80094318,20.92541029,735801000
25/2/2022,24.05400848,24.11375215,23.28131781,23.61986841,528866000
28/2/2022,24.28104019,24.55984716,23.6059312,23.88971601,477319000
1/3/2022,23.37690544,24.27306982,23.03337703,24.18743604,412056000
2/3/2022,24.1208477,24.30907505,23.3191448,23.65874842,389642000
3/3/2022,23.61691666,24.22641067,23.37291884,24.1626716,365095000
4/3/2022,22.84210205,23.58305564,22.38996023,23.28826792,431415000
7/3/2022,21.26459122,22.93871141,21.24268192,22.72359414,450821000
8/3/2022,21.42592812,22.28141088,20.56546475,21.2217674,557467000
9/3/2022,22.91978645,23.12494252,22.15592616,22.29535243,492742000
10/3/2022,22.56524658,22.69471357,21.7924223,22.43876567,428066000
11/3/2022,22.0095253,23.05024725,21.95574552,22.92774971,367209000
14/3/2022,21.24268532,22.17086937,21.07238578,21.77947847,385354000
15/3/2022,22.87895393,22.94368837,21.23471364,21.42991041,491996000
16/3/2022,24.39571762,24.49630398,23.07713846,23.4037948,671422000
17/3/2022,24.66461563,24.74030282,23.80813562,24.02126027,471941000
18/3/2022,26.34470558,26.46023182,24.52319459,24.69747741,730719000
21/3/2022,26.6245594,27.04084942,25.86069904,26.39848938,591727000
22/3/2022,26.41542053,27.12649837,25.96527119,26.61758864,547007000
23/3/2022,25.52906227,26.50305735,25.47030379,26.01904684,502120000
24/3/2022,28.03476524,28.20406941,25.80094712,26.05888766,877379000
25/3/2022,27.57863808,28.24191207,27.15936197,27.77184415,579016000
28/3/2022,28.10347748,28.13435071,27.09462399,27.64237355,425494000
29/3/2022,28.53868484,28.82749662,27.86545174,28.57752474,488984000
30/3/2022,27.5766468,28.37934706,27.39041205,28.18813361,463487000
31/3/2022,27.17429733,28.13235904,27.15836399,27.66826712,523440000
1/4/2022,26.60264778,27.38343868,26.1594698,27.26293373,517235000
4/4/2022,27.24799156,27.44518092,26.50404996,26.61857894,397120000
5/4/2022,25.82484436,27.2071627,25.71429871,27.14242826,436615000
6/4/2022,24.30708313,25.19642705,23.90473768,24.83192614,703833000
7/4/2022,24.10890007,24.62079585,23.38188892,24.34094604,557992000
8/4/2022,23.02436066,23.82507029,22.96759478,23.81909434,524781000
11/4/2022,21.82727623,22.22862631,21.57132836,22.12306126,575207000
12/4/2022,21.41596985,22.63197217,21.19487852,22.44474205,662258000
13/4/2022,22.11210823,22.4078933,21.36717107,21.63905422,516943000
14/4/2022,21.17097664,22.68375939,21.07636622,22.4128716,569097000
18/4/2022,21.69382858,21.99757842,20.99271005,21.11321501,525701000
19/4/2022,22.10712433,22.28140714,21.22674253,21.63108056,512781000
20/4/2022,21.39405632,22.57719256,21.1132112,22.42481904,468974000
21/4/2022,20.10037422,22.30033052,19.91812284,21.62012607,656209000
22/4/2022,19.43511009,20.40213574,19.42017211,20.21988433,624713000
25/4/2022,19.82052803,19.86335127,19.01782778,19.12339285,641566000
26/4/2022,18.71109009,19.70699652,18.5935731,19.63728337,653143000
27/4/2022,18.33961868,19.08853926,18.21513037,18.52186823,499460000
28/4/2022,19.70101738,19.95497454,18.41430666,18.88935324,570327000
29/4/2022,18.47107506,20.0456023,18.44119719,19.32257449,500435000
2/5/2022,19.45304298,19.49387362,18.31571754,18.46510314,572049000
3/5/2022,19.52175903,19.74384766,19.05467901,19.32058625,475751000
4/5/2022,20.25075531,20.3164851,18.67423569,19.84143858,648855000
5/5/2022,18.76685524,19.84342916,18.42426366,19.78566794,626331000
6/5/2022,18.5985508,19.43212433,17.91635546,18.65930191,633297000
9/5/2022,16.88061714,18.18027362,16.75811954,17.9601795,644455000
10/5/2022,17.52296448,18.1234964,16.95529839,17.6165795,761474000
11/5/2022,16.56192398,17.68032806,16.5001794,17.27598989,670167000
12/5/2022,16.10878181,16.71927317,15.503272,16.15260231,708728000
13/5/2022,17.63351059,17.85460184,16.52506827,16.71926963,670437000
16/5/2022,17.19332314,17.71517811,17.03597093,17.43732097,521446000
17/5/2022,18.10258675,18.29579279,17.56181042,18.00000777,585830000
18/5/2022,16.86865807,18.04382762,16.7949616,17.63251828,545161000
19/5/2022,17.05389977,17.61459473,16.66549502,16.86766502,621310000
20/5/2022,16.62565804,17.33872647,15.690502,17.26104667,739105000
23/5/2022,16.828825,16.8457556,16.11276852,16.20737893,639889000
24/5/2022,16.08786583,16.529053,15.71539737,16.44240928,588550000
25/5/2022,16.90550995,17.04095289,15.93450092,15.9544195,781132000
26/5/2022,17.77792168,18.0179343,15.95640874,15.97035136,996575000
27/5/2022,18.73399544,18.80370858,18.02590557,18.11155396,738379000
31/5/2022,18.59556389,19.12140231,18.27488155,18.9023017,664100000
1/6/2022,18.24499893,18.97499788,18.04780958,18.64734622,544514000
2/6/2022,19.51179123,19.53868112,18.12349903,18.21711407,648656000
3/6/2022,18.64336967,19.25286589,18.44618023,19.00388925,598779000
6/6/2022,18.70909691,19.25784193,18.48800557,19.06065251,422406000
7/6/2022,18.84852219,18.92221866,18.11354251,18.39638028,388914000
8/6/2022,18.57559013,19.10552396,18.46302805,18.72600287,363252000
9/6/2022,17.97792053,18.85948433,17.97094774,18.40923977,395574000
10/6/2022,16.90809059,17.62828274,16.80349686,17.53165928,465248000
13/6/2022,15.58624268,16.24866043,15.54540151,15.93787166,604153000
14/6/2022,15.77450657,16.00361298,15.3521523,15.66991381,469680000
15/6/2022,16.46282196,16.80249738,15.86415501,16.03249841,563936000
16/6/2022,15.54041958,15.880096,15.34119639,15.79841368,545749000
17/6/2022,15.81833363,15.93288682,15.26847715,15.5872342,630334000
21/6/2022,16.50166893,16.94195194,16.34328598,16.41102271,483089000
22/6/2022,16.29646873,16.597296,16.11716744,16.16298833,437135000
23/6/2022,16.16199493,16.52059568,15.7914388,16.45485199,463680000
24/6/2022,17.05949402,17.07343959,16.24666281,16.43592551,472153000
27/6/2022,16.8034935,17.26270378,16.56143709,17.24477403,427968000
28/6/2022,15.91993809,17.13519983,15.88308111,16.83437253,461149000
29/6/2022,15.48164845,15.75856882,15.11109322,15.75259255,482352000
30/6/2022,15.10013485,15.50655049,14.80428823,15.30135011,686070000
1/7/2022,14.46660328,15.00450628,14.33611242,14.84114358,577610000
5/7/2022,14.90589237,14.91286516,14.00042271,14.11995661,651397000
6/7/2022,15.07124615,15.25951234,14.73156979,14.95171225,529066000
7/7/2022,15.7964201,15.88308215,15.32924145,15.39598167,492903000
8/7/2022,15.77649975,15.97472737,15.3292429,15.37008406,467972000
11/7/2022,15.09316158,15.46670537,14.97960395,15.46570885,437321000
12/7/2022,15.02343464,15.37107941,14.81923075,15.20871225,458483000
13/7/2022,15.10511494,15.31529603,14.40882988,14.53334448,521918000
14/7/2022,15.31230545,15.41291307,14.67080625,15.04933071,456235000
15/7/2022,15.70079136,15.7207132,15.38502198,15.59819165,385935000
18/7/2022,16.03847885,16.83138747,15.93986425,16.23869857,670517000
19/7/2022,16.92601585,17.04355766,16.10920045,16.42198028,702366000
20/7/2022,17.73784828,17.86336033,16.73575632,16.88118926,760538000
21/7/2022,17.97990608,18.07354092,17.47686797,17.81554781,557049000
22/7/2022,17.25174522,17.89722765,17.07045088,17.82351561,536671000
25/7/2022,16.95789146,17.05750352,16.58434769,16.95290982,480748000
26/7/2022,16.4688015,16.8533023,16.41401477,16.82341811,397865000
27/7/2022,17.72091866,17.86635162,16.84732342,16.9658608,569776000
28/7/2022,17.91415787,18.06955217,17.37227178,17.90519394,474646000
29/7/2022,18.09247017,18.17315501,17.62329847,17.7438289,435460000
1/8/2022,18.3693924,18.77282044,17.92014344,18.11139733,476469000
2/8/2022,18.45405769,18.86445844,18.02174302,18.0516272,489527000
3/8/2022,18.81963539,18.89434492,18.06657053,18.11338891,418146000
4/8/2022,19.14038658,19.19915749,18.68715346,18.77580857,409652000
5/8/2022,18.91526413,19.15433196,18.59351842,18.73695835,386068000
8/8/2022,17.72390938,18.16817862,17.17505021,17.43404086,981859000
9/8/2022,17.01965332,17.37925157,16.6590595,17.18500909,668263000
10/8/2022,18.02672577,18.04764413,17.24975398,17.629275,597422000
11/8/2022,17.8723259,18.63435649,17.80658221,18.06059304,509327000
12/8/2022,18.63634872,18.64531455,17.88328391,18.08948082,478094000
15/8/2022,18.95809555,19.08958294,18.54072387,18.6283815,457666000
16/8/2022,18.80568695,19.06766613,18.42915458,18.8465281,451240000
17/8/2022,18.26380157,18.61543146,18.07454074,18.45107317,446799000
18/8/2022,18.70010185,18.79174366,18.11239277,18.22993459,415447000
19/8/2022,17.77968979,18.44808369,17.70099609,18.33452606,441588000
22/8/2022,16.96785545,17.48982087,16.90011871,17.42208413,409593000
23/8/2022,17.11428261,17.39718018,16.90410152,16.92302874,369986000
24/8/2022,17.15512466,17.33841018,16.82939479,16.94593914,522661000
25/8/2022,17.8434391,17.87730747,16.76763311,16.77859007,770691000
26/8/2022,16.19685936,17.85439727,16.17394796,17.78765801,769127000
29/8/2022,15.73964214,16.2745566,15.70577472,15.95779255,496132000
30/8/2022,15.40793324,15.97671501,15.12304361,15.89802227,530181000
31/8/2022,15.03538799,15.47965622,14.90091199,15.32426185,573710000
1/9/2022,13.88288116,14.32416078,13.21847139,14.15382432,1178865000
2/9/2022,13.59400749,14.11597196,13.53822424,14.04524851,743157000
6/9/2022,13.4127121,13.72549288,13.29915447,13.67767895,535751000
7/9/2022,13.66480446,13.78836019,13.29812453,13.51434611,512657000
8/9/2022,13.93981743,13.95775346,13.32104563,13.410722,624873000
9/9/2022,14.33539104,14.42207885,14.07532762,14.10621561,486612000
12/9/2022,14.45296764,14.4948168,14.14706876,14.31745582,484159000
13/9/2022,13.08389568,13.87205855,13.05201089,13.75248913,714956000
14/9/2022,13.08090782,13.2423264,12.86667891,13.20645529,588507000
15/9/2022,12.88262177,13.18553118,12.74412044,12.96831371,523625000
16/9/2022,13.15065575,13.16460546,12.5717396,12.69629119,670751000
19/9/2022,13.33399677,13.41470654,12.96333145,12.96532413,569685000
20/9/2022,13.12873459,13.43463348,13.01016198,13.1675952,524818000
21/9/2022,13.2134304,13.98066875,13.06297204,13.1656032,807679000
22/9/2022,12.51593971,13.10183067,12.3834174,13.0231136,759162000
23/9/2022,12.47110176,12.56576124,12.21303103,12.37544642,663309000
26/9/2022,12.18413448,12.61358907,12.17018477,12.44619152,547343000
27/9/2022,12.3684721,12.69031339,12.21402838,12.46213476,553854000
28/9/2022,12.69031143,12.77699923,12.30968183,12.3654807,542414000
29/9/2022,12.17616653,12.45516189,11.90314922,12.40334838,532763000
30/9/2022,12.09545517,12.58768354,12.03168462,12.04364166,565638000
3/10/2022,12.46711731,12.6325222,12.06157675,12.30270923,547478000
4/10/2022,13.11976624,13.17257656,12.83279926,12.83279926,584182000
5/10/2022,13.16161728,13.27321598,12.57572716,12.86468686,507131000
6/10/2022,13.08289909,13.60701221,13.05599552,13.17257639,644157000
7/10/2022,12.03268051,12.62454954,11.97887432,12.46014148,672478000
10/10/2022,11.6281395,12.08051051,11.36707921,11.99382269,698699000
11/10/2022,11.54443932,11.80350593,11.24252578,11.51952843,667482000
12/10/2022,11.45874596,11.6929026,11.30430226,11.53746303,492590000
13/10/2022,11.91709709,12.03467383,10.7742113,10.93164452,850103000
14/10/2022,11.18672752,12.06755633,11.16381026,12.01375013,713432000
17/10/2022,11.84535313,11.9051383,11.47568469,11.47668056,580774000
18/10/2022,11.92407417,12.44719061,11.57632606,12.29972172,659362000
19/10/2022,12.00776958,12.30569773,11.79154801,11.83638666,523131000
20/10/2022,12.15025711,12.72319424,12.06157568,12.06954735,652398000
21/10/2022,12.42128372,12.45316948,11.84436109,12.05460372,609494000
24/10/2022,12.55380344,12.66440531,12.02072281,12.46313028,517457000
25/10/2022,13.2134304,13.25229101,12.61857182,12.64846488,505482000
26/10/2022,12.84974003,13.33997478,12.66241469,12.82283741,532953000
27/10/2022,13.12873459,13.78836051,13.0749284,13.58110647,583113000
28/10/2022,13.78437519,13.80031854,13.01414828,13.05699426,521040000
31/10/2022,13.44858265,13.78835995,13.24930029,13.72857477,486341000
1/11/2022,13.49441814,13.87504779,13.47050407,13.76145641,432817000
2/11/2022,13.17158031,14.15902555,13.16360959,13.80031729,672628000
3/11/2022,13.37285519,13.73156439,12.90952405,12.99621185,500065000
4/11/2022,14.10522079,14.17795889,13.6478667,13.93583053,612576000
7/11/2022,14.24969864,14.36030052,13.90394424,14.17696055,410061000
8/11/2022,14.54961967,14.83758253,14.16500371,14.74790523,595292000
9/11/2022,13.72658157,14.16002152,13.70964236,14.11119656,454414000
10/11/2022,15.69350052,15.71641778,14.49481593,14.74690861,700819000
11/11/2022,16.26843071,16.33020857,15.42646262,15.75029657,655487000
14/11/2022,16.23654938,16.48067139,15.8648872,16.15982591,527852000
15/11/2022,16.60621834,16.93702626,16.32323667,16.66201722,545876000
16/11/2022,15.85292625,16.30330447,15.81605928,16.10402307,649547000
17/11/2022,15.62076378,16.20765163,15.47927296,15.65862757,710894000
18/11/2022,15.35372543,15.94459864,15.06576162,15.90872658,492072000
21/11/2022,15.2620554,15.42148129,15.0259051,15.09266514,404739000
22/11/2022,15.9804697,16.00039842,15.06775515,15.27301653,472866000
23/11/2022,16.4597435,16.46771613,15.99043426,16.04025415,427241000
25/11/2022,16.2116394,16.42786008,16.11399136,16.25946756,167934000
28/11/2022,15.77022457,16.29832402,15.66859118,15.96851012,303741000
29/11/2022,15.58289909,15.87484825,15.46432649,15.77022442,298384000
30/11/2022,16.86660576,16.8735824,15.54502434,15.64469052,565298000
1/12/2022,17.07790184,17.20746781,16.57956797,16.94235535,470977000
2/12/2022,16.81976509,16.87657627,16.39020152,16.60348912,371389000
5/12/2022,16.55464935,16.93836661,16.41710874,16.62341966,352255000
6/12/2022,15.93372726,16.51777404,15.76628687,16.47491806,352694000
7/12/2022,16.06628418,16.13206423,15.61479269,15.71944329,372388000
8/12/2022,17.1117878,17.1217547,15.90581893,16.21877366,515456000
9/12/2022,16.94434738,17.52440873,16.91843495,17.10281794,465338000
12/12/2022,17.47656631,17.47955658,16.74102666,16.98022665,457328000
13/12/2022,18.01177979,18.72738763,17.65198267,18.46924991,656589000
14/12/2022,17.61510658,18.19118159,17.36195325,17.92706333,496888000
15/12/2022,16.89550972,17.26228345,16.64435057,17.08886349,478542000
16/12/2022,16.5157814,16.98421649,16.35531858,16.80780624,478232000
19/12/2022,16.19983482,16.55365136,16.0911988,16.51677591,354039000
20/12/2022,16.03140259,16.25565325,15.79918011,16.01047265,403260000
21/12/2022,16.44601631,16.57159782,16.04834566,16.0603067,325025000
22/12/2022,15.28788376,16.08422189,14.8324069,16.0403679,565045000
23/12/2022,15.15533066,15.2878869,14.83340701,15.14536375,349326000
27/12/2022,14.07394409,15.04968181,14.00916016,15.02376843,464902000
28/12/2022,13.98922729,14.21447402,13.83773339,13.88059032,351066000
29/12/2022,14.55433846,14.6340718,14.17959194,14.35400898,354923000
30/12/2022,14.5653038,14.58025321,14.18557285,14.28623613,310490000
3/1/2023,14.26729965,14.94603116,14.04902953,14.80151386,401277000
4/1/2023,14.69985199,14.80350553,14.19354536,14.51845925,431324000
5/1/2023,14.21746635,14.51546981,14.10085565,14.44271311,389168000
6/1/2023,14.80948544,14.95998228,13.98723478,14.42576815,405044000
9/1/2023,15.57592487,16.0024982,15.09054718,15.23307128,504231000
10/1/2023,15.85598469,15.90880757,15.42044069,15.4553239,384101000
11/1/2023,15.94768143,15.97459188,15.51114119,15.78721861,353285000
12/1/2023,16.4559803,16.58155989,15.44037585,16.04635057,551409000
13/1/2023,16.84268951,16.86561359,16.11113609,16.22375851,447287000
17/1/2023,17.64301109,17.66892543,16.84268744,16.84268744,511102000
18/1/2023,17.3190937,17.81343922,17.22440907,17.60812632,439624000
19/1/2023,16.70913315,17.1396947,16.67524795,16.97923,452932000
20/1/2023,17.77955246,17.79649601,16.76893166,16.95431074,564967000
23/1/2023,19.12904739,19.18087417,17.75862906,18.00380775,655163000
24/1/2023,19.20080566,19.43004072,18.75728877,18.76426542,496204000
25/1/2023,19.25860786,19.30545212,18.51808381,18.8499743,449537000
26/1/2023,19.73601913,20.09880659,19.21376495,19.63535584,489535000
27/1/2023,20.29713631,20.55926038,19.34033628,19.39714555,542142000
30/1/2023,19.09814644,20.07288615,19.08618539,19.88352066,488611000
31/1/2023,19.47190094,19.62140074,18.886857,19.10612325,498017000
1/2/2023,20.87321472,21.12138365,19.54565247,19.62538582,660477000
2/2/2023,21.63665962,21.87585965,20.631023,20.93002256,564276000
3/2/2023,21.02968979,21.67254094,20.7197253,20.93002263,429366000
6/2/2023,21.01872253,21.49811862,20.71673087,20.73666468,452197000
7/2/2023,22.09911346,22.18482733,21.07952168,21.31074894,664150000
8/2/2023,22.13101006,22.80176787,21.93466598,22.31240282,559651000
9/2/2023,22.26256561,22.94329019,22.04628967,22.53067022,523876000
10/2/2023,21.19413757,22.00442812,20.74165188,21.61772248,550737000
13/2/2023,21.71539879,21.97453265,20.89215095,21.46623183,474919000
14/2/2023,22.89445686,22.97219607,21.29480359,21.50609706,675474000
15/2/2023,22.68814468,22.77884105,22.03233826,22.47386096,420575000
16/2/2023,21.92868423,22.47485659,21.85393339,22.05924632,412026000
17/2/2023,21.3167305,21.66755684,20.90510661,21.55892079,465888000
21/2/2023,20.58617783,21.42238106,20.54930046,20.93002759,410015000
22/2/2023,20.68483925,21.03367329,20.35294875,20.63799689,513184000
23/2/2023,23.58514404,23.80839854,22.94827344,23.36189145,1117995000
24/2/2023,23.20840263,23.39577778,22.8705335,23.14760699,589716000
27/2/2023,23.42268562,23.80042237,23.37584326,23.59112308,452994000
28/2/2023,23.13863564,23.74560739,23.12866873,23.29411592,455963000
1/3/2023,22.62236404,23.1785052,22.43299664,23.11471738,460026000
2/3/2023,23.23630905,23.3020891,22.3572482,22.41306325,389415000
3/3/2023,23.81039047,23.82035738,23.0529228,23.24229019,412393000
6/3/2023,23.47551346,24.16719923,23.40873538,23.81139039,437429000
7/3/2023,23.2143383,24.0486907,23.16748609,23.5253517,515154000
8/3/2023,24.10451698,24.12345789,23.34991135,23.41271181,513573000
9/3/2023,23.36187363,24.37665338,23.30903986,24.09853462,501257000
10/3/2023,22.89236069,23.5522674,22.65411634,23.33495654,474866000
13/3/2023,22.89335632,23.22430691,22.2264737,22.68003442,421890000
14/3/2023,23.98688889,24.1423956,23.38579552,23.42168286,474910000
15/3/2023,24.151371,24.20918622,23.28611633,23.6858471,524486000
16/3/2023,25.46021271,25.50706302,23.818421,23.95100164,583253000
17/3/2023,25.6436348,26.31550279,25.58681397,25.8998219,848547000
20/3/2023,25.81807709,25.94168542,25.05051217,25.5339787,432747000
21/3/2023,26.11613083,26.30852115,25.30071931,26.09719182,547408000
22/3/2023,26.38428307,27.50173767,26.15401281,26.3414179,797295000
23/3/2023,27.10499191,27.41201824,26.60557718,27.0292321,564889000
24/3/2023,26.69429779,27.08107104,26.27163911,26.94550152,454920000
27/3/2023,26.44708252,26.91459893,26.28160721,26.7521144,361026000
28/3/2023,26.3264637,26.42913854,25.76823554,26.36334732,356104000
29/3/2023,26.89864731,26.99234984,26.51287228,26.74015174,393694000
30/3/2023,27.29638672,27.41202094,27.01627539,27.14287449,364516000
31/3/2023,27.68914032,27.74595923,27.01926501,27.05415415,433933000
3/4/2023,27.87654877,27.91143791,27.24953854,27.42199169,398716000
4/4/2023,27.36616707,27.91143783,27.22062895,27.87754497,368592000
5/4/2023,26.79597855,26.91260716,26.31151566,26.74414297,515015000
6/4/2023,26.95148277,26.99434603,26.34341159,26.49991459,397654000
10/4/2023,27.4917717,27.53363867,26.58465006,26.73816231,395279000
11/4/2023,27.08306313,27.70209915,27.04019797,27.63630792,314378000
12/4/2023,26.41119385,27.3811157,26.36434163,27.28342611,446259000
13/4/2023,26.37929726,26.80195594,26.24572222,26.64944,353615000
14/4/2023,26.67336082,26.79796544,26.13706247,26.42016454,395660000
17/4/2023,26.91659164,26.9205787,26.34939119,26.48097363,321471000
18/4/2023,27.57948875,28.02108833,27.27046982,27.44591372,604812000
19/4/2023,27.84265327,27.91143527,27.14586482,27.2744565,358660000
20/4/2023,27.01826668,27.94133821,26.91459555,27.58347262,427713000
21/4/2023,27.03322601,27.09702467,26.63748231,26.86675439,345103000
24/4/2023,26.95646667,27.27944128,26.58663985,26.92755907,339282000
25/4/2023,26.15799522,27.16081362,26.14204699,26.99234757,378527000
26/4/2023,26.87073898,27.24355659,26.62053343,26.91659492,406337000
27/4/2023,27.13988686,27.40803704,26.54078792,27.27645457,377161000
28/4/2023,27.66122818,27.67019859,26.98537135,27.13888547,292216000
1/5/2023,28.81855965,28.96609225,27.69213459,27.75194428,570329000
2/5/2023,28.12077141,28.74479274,27.9941742,28.58928602,402730000
3/5/2023,27.71405983,28.27727322,27.38510373,27.75193974,383387000
4/5/2023,27.47482109,27.77088065,27.15383908,27.56353838,321850000
5/5/2023,28.5892849,28.66404653,27.6432872,27.73798602,361494000
8/5/2023,29.05879402,29.12757602,28.2603289,28.43178385,344979000
9/5/2023,28.48062897,28.88135787,28.3600133,28.80759252,314869000
10/5/2023,28.79363632,29.02091579,28.37097766,28.91325569,369350000
11/5/2023,28.48760986,28.85843491,28.15666112,28.80460485,322149000
12/5/2023,28.25036621,28.68897511,27.95729545,28.43876762,274222000
15/5/2023,28.86141586,28.877366,28.06295087,28.41782378,293926000
16/5/2023,29.12059593,29.77551927,28.74080245,28.74977286,449405000
17/5/2023,30.08254814,30.10348163,29.33691483,29.49042707,432535000
18/5/2023,31.57779884,31.727324,30.22409453,30.31381,748725000
19/5/2023,31.16510773,31.48010816,30.81820892,31.43624672,473908000
22/5/2023,31.07739067,31.42030246,30.58295923,30.80325898,372000000
23/5/2023,30.59093666,31.1890393,30.53411774,30.90195011,356253000
24/5/2023,30.44140625,30.51018824,29.71172127,30.11444272,721419000
25/5/2023,37.85987473,39.35513046,36.51912753,38.40115657,1543911000
26/5/2023,38.82280731,39.04609779,37.43122315,37.77014784,714397000
30/5/2023,39.98411942,41.80533984,39.82263311,40.46658956,923401000
31/5/2023,37.71432877,40.16754304,37.70236569,39.36309641,1002580000
1/6/2023,39.64421082,39.92332398,38.2187335,38.36726049,635873000
2/6/2023,39.20261002,40.3719002,38.93445985,39.97017499,482731000
5/6/2023,39.04710388,39.43985486,38.58457081,38.78593155,396094000
6/6/2023,38.53173828,39.03613834,38.02733822,38.70718409,388729000
7/6/2023,37.36034012,39.37814956,37.24170473,38.79593673,511998000
8/6/2023,38.39216614,38.74508307,37.39024396,37.60857183,417772000
9/6/2023,38.65136719,39.58948588,38.44898923,38.91754848,427717000
12/6/2023,39.36118698,39.40904044,38.49983233,39.08005219,388701000
13/6/2023,40.89648056,40.97524121,39.61840553,40.06304001,613208000
14/6/2023,42.86543655,42.86842573,40.42791443,40.69908531,740465000
15/6/2023,42.52249146,43.15654702,42.01803918,42.47164881,568622000
16/6/2023,42.56137466,43.58722552,42.53046748,43.3170548,655709000
20/6/2023,43.67395401,43.85540013,42.54342497,42.8664349,451153000
21/6/2023,42.91328812,43.48154752,41.9512445,43.36789412,551603000
22/6/2023,42.89335632,43.29312654,42.10477621,42.12371528,417737000
23/6/2023,42.07984924,42.67801185,41.8864426,42.33407006,358140000
26/6/2023,40.50766754,42.63314367,39.97729395,42.33106944,594322000
27/6/2023,41.7478714,41.81167476,40.32424306,40.67416703,462175000
28/6/2023,40.99119186,41.71696499,40.39402564,40.53558945,582639000
29/6/2023,40.69708633,41.47270559,40.47576552,41.43083429,380514000
30/6/2023,42.17255402,42.41979623,41.37400638,41.5524595,501148000
3/7/2023,42.28322601,42.76674265,42.07287308,42.38690789,198209000
5/7/2023,42.18751907,43.04488444,41.9562267,42.00607295,323618000
6/7/2023,41.9741745,42.04994217,41.21949079,41.71596811,303582000
7/7/2023,42.37294006,43.08176676,42.05093038,42.19249416,355881000
10/7/2023,42.05093765,42.68000743,41.52156037,42.52647931,353908000
11/7/2023,42.27524567,42.62716618,41.93828245,42.35101333,298244000
12/7/2023,43.76766586,43.80056583,42.64610822,42.90132541,481277000
13/7/2023,45.83631134,46.01376426,44.35585484,44.38177625,478204000
14/7/2023,45.32987595,47.94086183,44.92212701,46.44046575,772075000
17/7/2023,46.3188324,46.35372515,45.12350372,46.14736162,510488000
18/7/2023,47.34867859,47.74944899,45.59406546,46.55810572,569164000
19/7/2023,46.93294907,47.67168281,46.59897504,47.31876592,427502000
20/7/2023,45.38071823,46.94292486,44.92411944,46.36469772,537865000
21/7/2023,44.17341614,45.72565485,43.96505603,45.64789061,963769000
24/7/2023,44.47549438,44.97097529,43.90524601,44.59412975,382516000
25/7/2023,45.53923798,46.04169371,44.78555057,44.80349705,348081000
26/7/2023,45.31293106,45.91209393,44.49344752,45.88019035,364237000
27/7/2023,45.75955963,47.24998426,45.61001707,46.37666514,455976000
28/7/2023,46.60695648,46.88310936,46.23908605,46.52520665,331194000
31/7/2023,46.58601379,46.98578775,46.36369658,46.61093882,251055000
1/8/2023,46.3646965,46.75649554,45.88616568,46.31783943,237858000
2/8/2023,44.13354111,45.69973311,43.25423999,45.69076178,530142000
3/8/2023,44.37879562,44.97995125,43.66598318,43.66598318,324176000
4/8/2023,44.54328537,45.50233977,44.2571648,44.84735241,362666000
7/8/2023,45.27802277,45.40064748,44.42663593,44.97295938,322154000
8/8/2023,44.52733231,45.10356278,43.92119105,44.71575316,353843000
9/8/2023,42.42379379,44.17641407,42.00507693,44.13852834,586449000
10/8/2023,42.25828934,43.44066089,41.70698017,42.0309864,492705000
11/8/2023,40.72998428,41.88942754,40.51464563,41.62324245,533085000
14/8/2023,43.61912918,43.66598626,40.18766298,40.36212678,690286000
15/8/2023,43.80554199,45.12948123,43.57624625,44.42364753,676512000
16/8/2023,43.35294342,44.53830455,43.27318638,44.38378003,527451000
17/8/2023,43.21138,43.92718161,42.86942719,43.83546405,452395000
18/8/2023,43.16651535,43.44466101,41.53253035,42.50454557,583768000
21/8/2023,46.82329178,46.9209915,44.08669186,44.35785897,692573000
22/8/2023,45.52826309,48.03955639,45.19428905,47.98771356,755293000
23/8/2023,46.97182846,47.05557106,45.0696659,45.7256534,779046000
24/8/2023,47.01869202,50.1121983,47.01470645,50.06235205,1156044000
25/8/2023,45.87718964,47.65872029,44.88622792,46.86814755,925341000
28/8/2023,46.69169617,46.83625296,44.75065488,46.33977562,685192000
29/8/2023,48.63473129,48.93082342,46.24905183,46.52321191,701397000
30/8/2023,49.11325455,49.77422401,48.27682115,48.89392652,735206000
31/8/2023,49.20398331,49.59179299,48.80819868,49.22890833,528570000
1/9/2023,48.36056519,49.64761519,47.9946876,49.60973327,463830000
5/9/2023,48.39945221,48.70152648,47.71355764,48.07544589,382653000
6/9/2023,46.92086411,48.40443215,46.44129742,48.29675585,468670000
7/9/2023,46.10330963,46.20600357,45.01755164,45.38944205,433330000
8/9/2023,45.43630219,46.46722371,45.13619976,45.8052032,473069000
11/9/2023,45.04347992,46.0255438,44.18005739,46.01058907,473966000
12/9/2023,44.73639297,45.53700334,44.39840169,44.60478605,349256000
13/9/2023,45.34955597,45.79323055,44.3704779,44.46718918,398355000
14/9/2023,45.44527817,45.85006749,44.99661734,45.81317891,370097000
15/9/2023,43.76927948,45.46321783,43.67755057,45.20598666,506831000
18/9/2023,43.83508301,44.11026214,41.87493752,42.62071131,500271000
19/9/2023,43.39041138,43.83508248,42.87395227,43.70247909,373064000
20/9/2023,42.11322021,43.77226666,42.09726902,43.47016753,367108000
21/9/2023,40.89485931,41.97463458,40.85797074,41.45917579,450736000
22/9/2023,41.48609924,41.98959658,41.10822617,41.44821039,479236000
25/9/2023,42.09627914,42.40934335,41.05438878,41.4671575,419091000
26/9/2023,41.78620148,42.69249516,41.53096325,41.87593364,402282000
27/9/2023,42.34154129,42.74434143,41.50504269,42.20395553,444935000
28/9/2023,42.96069717,43.3166326,41.98959837,42.3335685,424663000
29/9/2023,43.36946869,44.01254846,43.17803909,43.69649108,397830000
2/10/2023,44.64865494,45.04048246,43.73039595,43.89889145,433298000
3/10/2023,43.38742065,44.9956205,43.11722768,44.6745769,470850000
4/10/2023,43.9098587,44.01155616,43.16308847,43.61174925,361821000
5/10/2023,44.55493164,44.76630216,43.75731457,43.91883094,393483000
6/10/2023,45.62573624,45.65265627,43.89490544,44.06140798,434436000
9/10/2023,45.13818741,45.46919953,44.23588348,44.70847106,409675000
10/10/2023,45.66163254,46.12125841,44.95374754,45.17508664,368582000
11/10/2023,46.66661835,46.71946192,45.91286909,46.05843423,378137000
12/10/2023,46.80521011,47.46723436,46.19204355,46.6377111,481325000
13/10/2023,45.32563019,46.97570471,45.14516939,46.82016719,474115000
16/10/2023,45.9577446,46.08735476,44.77826474,44.92881608,375099000
17/10/2023,43.80715942,44.62073139,42.35350093,43.86897507,812333000
18/10/2023,42.07035065,43.09030704,41.700457,42.4641749,627294000
19/10/2023,41.97564316,43.16808114,41.75729348,42.68352817,501233000
20/10/2023,41.26376724,42.34354269,40.9556854,41.76526787,477266000
23/10/2023,42.84703064,43.11922034,40.82307664,41.10623136,478530000
24/10/2023,43.53298187,43.56688103,42.5638799,42.94872828,401463000
25/10/2023,41.65458679,43.52001738,41.43125481,43.2687651,398379000
26/10/2023,40.20592117,42.1301745,39.76125008,41.72837464,541001000
27/10/2023,40.37940216,41.08330117,39.89584575,41.00752726,416784000
30/10/2023,41.03843689,41.64163496,40.36046138,40.96465973,388028000
31/10/2023,40.65856934,40.75727738,39.11318549,40.32955395,517969000
1/11/2023,42.19897461,42.25480762,40.74730869,40.76226342,437593000
2/11/2023,43.37644958,43.75332234,42.76627247,43.19897823,409172000
3/11/2023,44.87099075,45.17408259,43.59280664,43.88892316,424610000
6/11/2023,45.61476898,45.79822301,44.76530475,45.15015696,400733000
7/11/2023,45.81816483,46.08037839,45.02353711,45.58286749,343165000
8/11/2023,46.43531418,46.72744096,45.83111591,45.96272282,346719000
9/11/2023,46.81019211,48.08637928,46.61078691,47.32565087,540496000
10/11/2023,48.19106674,48.32765982,47.14220125,47.35855412,421245000
13/11/2023,48.47522354,48.9697488,47.95577501,48.17611761,384136000
14/11/2023,49.50813293,49.68560429,48.89396993,49.53206354,416954000
15/11/2023,48.74242783,49.81123436,48.05647674,49.78631108,475497000
16/11/2023,49.33266068,49.37752865,48.18608736,48.53404716,339756000
17/11/2023,49.15120697,49.56895805,48.86107311,49.37653195,325205000
20/11/2023,50.2589035,50.39748956,49.03455933,49.16516979,414120000
21/11/2023,49.79527664,50.36656841,49.0754265,49.97673389,565747000
22/11/2023,48.5709343,50.18511276,47.54798852,49.70355312,899420000
24/11/2023,47.63373947,48.77533049,47.60282974,48.32567321,294645000
27/11/2023,48.09834671,48.38548732,47.51010345,47.65766155,395662000
28/11/2023,47.67860413,48.17911205,47.33164078,48.09236931,401491000
29/11/2023,47.99665451,48.61680404,47.71748947,48.23494507,382005000
30/11/2023,46.63072968,47.9667396,46.28376637,47.88099335,526247000
1/12/2023,46.62574005,47.05944605,46.04946213,46.38645687,369317000
4/12/2023,45.37448502,45.93979802,44.87597385,45.93979802,437543000
5/12/2023,46.43142319,46.46532152,45.14016384,45.33459997,371718000
6/12/2023,45.37149429,47.25005219,45.28075768,47.07854839,380590000
7/12/2023,46.46133804,46.49424362,45.47220435,45.56792758,350823000
8/12/2023,47.36871338,47.60303486,46.41547484,46.46034677,359224000
11/12/2023,46.49224091,47.39362756,45.69754726,47.35374606,509728000
12/12/2023,47.51926422,47.52823708,45.91292024,45.91292024,372387000
13/12/2023,47.94902802,48.4535662,47.47041566,47.49135488,447792000
14/12/2023,48.2102623,48.52933716,47.28494671,48.25014761,391232000
15/12/2023,48.74870682,49.26122129,47.98093167,48.05471912,479948000
18/12/2023,49.93227386,50.287244,49.00795481,49.2572323,412587000
19/12/2023,49.46063995,49.55636317,48.75368939,49.28115987,464444000
20/12/2023,47.97195435,49.85449832,47.95899143,49.51149075,397894000
21/12/2023,48.84841537,48.95311146,48.27906267,48.66993185,300425000
22/12/2023,48.68887329,49.24027261,48.32691967,49.05281624,252507000
26/12/2023,49.13658142,49.45665287,48.8185031,48.8264794,244200000
27/12/2023,49.274189,49.53642944,48.94314772,49.36791911,233648000
28/12/2023,49.37887955,49.73983287,49.26919684,49.49953205,246587000
29/12/2023,49.37887955,49.85250907,48.61010785,49.66903892,389293000
2/1/2024,48.02878571,49.15252739,47.45744372,49.1016761,411254000
3/1/2024,47.43152237,48.04474284,47.18324145,47.3477655,320896000
4/1/2024,47.85928726,48.35983539,47.37070168,47.62895205,306535000
5/1/2024,48.95510101,49.40380119,48.16638678,48.32193795,415039000
8/1/2024,52.10198593,52.12392552,49.33600459,49.36891017,642510000
9/1/2024,52.98641968,54.16799628,51.54060956,52.24955704,773100000
10/1/2024,54.1929245,54.44220199,53.33441277,53.46104844,533796000
11/1/2024,54.66355896,55.18604663,53.405209,54.84004936,596759000
12/1/2024,54.55187988,54.81113058,54.17298087,54.46213984,352994000
16/1/2024,56.21905518,56.67074512,54.74133973,54.85899874,449580000
17/1/2024,55.89101028,56.30780155,54.58180508,56.18415936,474394000
18/1/2024,56.9419632,57.43353849,55.94485313,57.09452091,491650000
19/1/2024,59.31906509,59.32803796,57.05961145,57.82140334,543501000
22/1/2024,59.48159409,60.15663944,58.89928226,59.87545296,452955000
23/1/2024,59.69996262,59.73685443,58.41568305,59.39783691,294654000
24/1/2024,61.18465424,62.6673561,59.76477002,60.12971335,560271000
25/1/2024,61.43892288,62.53773921,60.67413747,62.16980236,482777000
26/1/2024,60.85460663,61.60443591,60.39793396,60.78381268,390309000
29/1/2024,62.2844696,62.30839851,60.73097373,61.0550314,348733000
30/1/2024,62.59257889,63.30950271,62.08006443,62.718218,410735000
31/1/2024,61.34917831,62.0890344,60.5245688,61.26242796,453795000
1/2/2024,62.84485245,63.00837995,61.47183307,61.92052953,369146000
2/2/2024,65.96879578,66.40751897,63.50592926,63.78910887,476578000
5/2/2024,69.13162231,69.29614636,67.01077071,68.02781944,680078000
6/2/2024,68.02583313,69.55240673,66.10839412,69.42876455,683111000
7/2/2024,69.89640808,70.01706057,67.40462982,68.12155362,495575000
8/2/2024,69.43972778,70.58939535,69.25426833,69.87147502,414422000
9/2/2024,71.92453766,71.97638172,70.00908415,70.3291556,436637000
12/2/2024,72.03918457,74.39535382,71.04406797,72.39016458,613710000
13/2/2024,71.91953278,73.23771051,69.41878582,70.19653024,602580000
14/2/2024,73.686409,74.0214364,71.73008176,72.99042837,504917000
15/2/2024,72.44801331,73.76120847,72.19076332,73.65551963,420122000
16/2/2024,72.40313721,74.18696821,72.29146139,73.88583908,495327000
20/2/2024,69.25130463,71.7480665,67.5382669,71.73908983,704833000
21/2/2024,67.27700806,68.68891622,66.05654635,67.8094614,673755000
22/2/2024,78.31102753,78.34791555,74.00550574,74.80817959,865100000
23/2/2024,78.58921814,82.15587638,77.34582036,80.55651569,829388000
26/2/2024,78.86343384,80.41294376,78.27812462,79.46967087,503973000
27/2/2024,78.47354889,79.2503045,76.93900278,79.15158398,391705000
28/2/2024,77.43856812,78.70489467,76.90212084,77.39569311,393110000
29/2/2024,78.88336182,79.75882271,78.123563,78.86541609,507289000
1/3/2024,82.04120636,82.06214938,79.20542399,79.76879352,479135000
4/3/2024,84.99066162,87.4415581,83.47705095,83.88685864,615616000
5/3/2024,85.7195816,85.85220668,83.17982623,85.02755456,520639000
6/3/2024,88.44779205,89.46888253,86.78254227,87.77172605,582520000
7/3/2024,92.40552521,92.50324615,89.34724386,89.90166282,608119000
8/3/2024,87.27913666,97.12306982,86.26003929,94.8675002,1142269000
11/3/2024,85.53012848,88.54452846,83.92669866,86.18326496,678364000
12/3/2024,91.65166473,91.69852818,85.90505025,87.79865287,668075000
13/3/2024,90.62958527,91.24383116,88.18355678,90.79611026,635713000
14/3/2024,87.6939621,90.38828337,86.35378153,89.32232246,602318000
15/3/2024,87.58726501,89.29140572,86.01176296,86.68284606,642086000
18/3/2024,88.20349121,92.14225684,86.83738389,90.13099363,668976000
19/3/2024,89.14380646,90.286544,84.7682829,86.45347235,672171000
20/3/2024,90.11505127,90.15294523,87.97215935,89.54168157,479063000
21/3/2024,91.17502594,92.38458214,90.14795569,92.03757202,480372000
22/3/2024,94.0209198,94.5085279,90.5757412,90.88186755,586719000
25/3/2024,94.73188019,96.49086455,93.24412561,93.67389991,552136000
26/3/2024,92.29782104,96.10097979,92.23899068,95.5784676,513648000
27/3/2024,89.99340057,92.97489725,88.86960596,92.84726283,586067000
28/3/2024,90.09910583,91.04042213,88.93941043,89.7441152,435212000
1/4/2024,90.10607147,91.96277679,88.95037024,90.04225807,452441000
2/4/2024,89.19766235,89.83783523,87.37087059,88.19651164,433064000
3/4/2024,88.71104431,90.11703889,88.14865257,88.23241336,370067000
4/4/2024,85.66074371,90.37630157,85.63581327,90.1489454,434965000
5/4/2024,87.75777435,88.22942907,85.68169327,86.61901544,399678000
8/4/2024,86.88526917,88.5774429,86.4854083,88.44780765,283220000
9/4/2024,85.11131287,87.38583324,82.78595022,87.1933812,501700000
10/4/2024,86.79151917,87.15149278,83.47098569,83.68737155,431929000
11/4/2024,90.35835266,90.48100404,86.67884946,87.17144057,431637000
12/4/2024,87.93526459,89.91861544,87.28113151,89.44396328,426805000
15/4/2024,85.7564621,90.35534774,85.68466822,88.84465613,443077000
16/4/2024,87.16646576,87.86746233,85.81930894,86.18725549,370453000
17/4/2024,83.79606628,88.52258688,83.71130127,88.08881854,495400000
18/4/2024,84.43025208,85.9449379,82.16770634,84.72840552,447260000
19/4/2024,75.98334503,84.08424741,75.39103974,82.91358935,875198000
22/4/2024,79.29190826,79.84533057,76.18277729,77.88192716,596341000
23/4/2024,82.18864441,82.5336613,80.03578647,80.53934787,438559000
24/4/2024,79.45044708,83.84292062,78.95784844,83.71129217,512208000
25/4/2024,82.39705658,83.08608614,78.00058847,78.6437512,424641000
26/4/2024,87.48554993,88.07985603,83.14991271,83.57968704,551011000
29/4/2024,87.50747681,87.74180161,85.02355475,87.34593488,388971000
30/4/2024,86.15634155,88.56646934,86.05463418,86.99195639,363709000
1/5/2024,82.80488586,85.75547203,81.02396098,84.83509991,559863000
2/5/2024,85.57300568,85.9918097,82.96344197,84.20889135,377898000
3/5/2024,88.5365448,89.02714265,86.79251724,87.53938813,398341000
6/5/2024,91.87802124,91.95779561,88.80179362,89.13584021,376203000
7/5/2024,90.29653168,91.52004037,88.75791957,90.83898366,437342000
8/5/2024,90.15493774,90.934712,89.16575388,89.22857828,325721000
9/5/2024,88.49467468,90.81306116,87.98014294,90.27160576,378013000
10/5/2024,89.62245178,91.14112411,88.97330177,90.04823966,335325000
13/5/2024,90.14196777,90.73926364,88.27728206,90.22073792,289680000
14/5/2024,91.09626007,91.3904195,88.6811416,89.34425179,296507000
15/5/2024,94.36092377,94.59226634,91.33854396,92.20906274,417735000
16/5/2024,94.09069824,95.54654593,93.83542184,94.64013401,323952000
17/5/2024,92.21605682,94.47062985,91.54497379,94.10069011,359691000
20/5/2024,94.51049805,94.92930198,93.1743119,93.483428,318764000
21/5/2024,95.11479187,95.128752,92.91506288,93.33287027,328946000
22/5/2024,94.68002319,95.74698053,92.98386328,95.18757862,548648000
23/5/2024,103.5038757,106.017704,101.2313486,101.7379074,835065000
24/5/2024,106.1662827,106.1722623,102.7071442,104.1520218,429494000
28/5/2024,113.5771484,114.6121991,109.570575,109.9305486,652728000
29/5/2024,114.4985046,115.1636079,110.5856661,112.7285577,557442000
30/5/2024,110.1858139,115.4896906,109.3511958,114.3240157,484553000
31/5/2024,109.3212814,112.3965123,106.6359377,112.2000662,613263000
3/6/2024,114.6730194,114.6730194,111.6845392,113.2979425,438392000
4/6/2024,116.1059418,116.2684803,113.7207444,115.3869987,403324000
5/6/2024,122.0918655,122.100835,117.1340024,118.0344348,528402000
6/6/2024,120.6539688,125.2299179,117.9835817,123.6952922,664696000
7/6/2024,120.5442734,121.3459882,117.6864251,119.4294484,412386000
10/6/2024,121.443718,122.7499908,116.67731,120.0277572,313434100
11/6/2024,120.5761261,122.5307129,118.4121125,121.4337443,222551200
12/6/2024,124.8542709,126.5296321,122.2315361,122.7201809,299595000
13/6/2024,129.2520752,129.4415529,126.8088441,129.0326815,260704500
14/6/2024,131.5158234,132.4731638,127.9656566,129.6011272,309320400
17/6/2024,130.6183014,133.3607074,129.2221735,132.6227606,288504400
18/6/2024,135.2056274,135.9535565,130.3291307,130.7778851,294335100
20/6/2024,130.418869,140.3713065,129.1623538,139.4139659,517768400
21/6/2024,126.2204895,130.2692834,123.9567612,126.7689738,649445800
24/6/2024,117.783844,124.1163072,117.7140376,122.8996749,476060900
25/6/2024,125.7418213,126.1506928,118.9905188,120.8653248,414192600
26/6/2024,126.050972,127.7662161,122.2614619,125.7817133,362975900
27/6/2024,123.6476288,126.0609523,122.5805836,123.7573257,252571700
28/6/2024,123.1988678,127.3573513,122.4110483,124.2359969,315516700
1/7/2024,123.9567642,124.4952664,118.5018677,123.1290543,284885500
2/7/2024,122.3312607,123.0692227,120.6957899,120.7955123,218374000
3/7/2024,127.9257507,127.9257507,121.0248623,121.3240369,215749000
5/7/2024,125.4825363,128.4942012,125.332949,127.0282516,214176700
8/7/2024,127.8459854,130.4088959,126.6891926,127.1379469,237677300
9/7/2024,131.0172119,133.4504765,128.2947396,129.9900574,285366600
10/7/2024,134.5374908,134.7269687,132.0543607,133.6599158,248978600
11/7/2024,127.0482101,135.774041,126.6991781,135.3751517,374782700
12/7/2024,128.8831329,131.5557253,126.8687065,127.9058281,252680500
15/7/2024,128.0853577,131.0272092,126.8288346,130.1994991,208326200
16/7/2024,126.0110626,128.6836546,124.2359792,128.0853206,214769500
17/7/2024,117.6641769,121.5135184,116.3976873,121.0148992,390086200
18/7/2024,120.7556152,122.0620029,116.2381257,121.5135187,320979500
19/7/2024,117.6043625,121.2642268,117.0459112,120.0176784,217223800
22/7/2024,123.1988678,123.7274031,119.5290291,120.017674,258068900
23/7/2024,122.2514801,124.3456873,121.7628353,122.4409579,173911000
24/7/2024,113.9345169,119.6187742,113.126756,118.8409293,327776900
25/7/2024,111.9699554,116.3079421,106.0064725,112.727859,460067000
26/7/2024,112.7477951,115.8791237,111.2718862,115.8691568,293399100
29/7/2024,111.2818451,115.9588963,110.9926526,113.3760521,248152100
30/7/2024,103.4435577,111.6807427,102.2568414,111.2120393,486833300
31/7/2024,116.6968536,118.0132082,110.5738095,112.5882356,473174200
1/8/2024,108.908432,119.8281998,106.5150577,117.2054573,523462300
2/8/2024,106.9737778,108.4197783,101.0900763,103.4734759,482027500
5/8/2024,100.1726227,103.1244559,90.43957861,91.80579074,552842400
6/8/2024,103.9621201,107.4125646,100.2723404,103.5532486,409012100
7/8/2024,98.6368866,108.499577,98.41749286,107.5123052,411440400
8/8/2024,104.6801376,105.2086729,97.25070546,101.7183378,391910000
9/8/2024,104.4607544,106.3056445,103.1443996,105.3482962,290844200
12/8/2024,108.718956,110.7632983,105.9665828,106.0264146,325559900
13/8/2024,115.8192902,115.9090456,111.2718846,112.1295104,312646700
14/8/2024,117.753952,118.2725128,113.7550226,118.2027064,339246400
15/8/2024,122.5207367,122.8996846,117.1456212,118.4320599,318086700
16/8/2024,124.2359848,124.6548232,120.8453721,121.6032755,302589900
19/8/2024,129.6410217,129.6410217,123.0791897,123.9368156,318333600
20/8/2024,126.898613,129.5213554,125.5423679,128.0454313,300087400
21/8/2024,128.1451416,128.9928004,126.3102265,126.9683999,257883600
22/8/2024,123.3983078,130.3889528,122.7600757,129.6609729,376189100
23/8/2024,129.0127563,129.2421322,124.8742221,125.5124542,323230300
26/8/2024,126.1107941,130.8975348,124.026569,129.2122144,331964700
27/8/2024,127.9457169,128.8432255,123.5379164,124.7046914,303134600
28/8/2024,125.2631378,127.975628,122.301338,127.7662012,448101100
29/8/2024,117.2652817,124.0863976,116.3877145,121.0248754,453023300
30/8/2024,119.0403748,121.4137999,116.8963102,119.199929,333751600
3/9/2024,107.7017746,115.889103,106.9937361,115.6896583,477155100
4/9/2024,105.9167023,112.9572038,103.8324774,105.118916,372470300
5/9/2024,106.9139481,109.3472126,104.4707166,104.7000772,306850700
6/9/2024,102.5460434,107.8513523,100.67123,107.7416554,413638100
9/9/2024,106.1759949,106.2557758,103.4036728,104.5903815,273912000
10/9/2024,107.8014832,109.0978963,104.6601803,107.5122831,268283700
11/9/2024,116.5871658,116.8663914,107.1233662,109.0879275,441422400
12/9/2024,118.8211746,120.4667607,115.0712344,116.5273265,366052700
13/9/2024,118.7812805,119.6389797,117.2852946,118.7613374,238358300
16/9/2024,116.4674911,117.8637462,114.053969,116.4774665,248772300
17/9/2024,115.2806702,118.4820867,114.5227095,117.8537677,231925900
18/9/2024,113.0666122,117.3850189,112.9170121,115.5798651,310318900
19/9/2024,117.5545807,119.3397915,116.9362371,117.035968,293506400
20/9/2024,115.6895752,118.3025666,115.081207,116.7467361,382462400
23/9/2024,115.9488754,116.6769176,114.5526205,116.2381003,206228500
24/9/2024,120.5465469,121.4740585,115.071233,116.2081817,354966800
25/9/2024,123.1794815,124.605655,121.2845645,121.6934634,284692900
26/9/2024,123.7080536,127.3283365,121.4740503,126.4606696,302582900
27/9/2024,121.075119,123.6980781,118.9408466,123.6382411,271009200
30/9/2024,121.1150284,121.1748654,117.8338315,117.9933994,226553700
1/10/2024,116.6869049,122.1123498,115.4801438,121.4441369,302094500
2/10/2024,118.5319519,119.0605324,114.8318809,116.1284051,221845900
3/10/2024,122.5212479,124.0272092,120.0179626,120.5964123,277118000
4/10/2024,124.585701,124.7053826,121.5039738,124.6056517,243678100
7/10/2024,127.3782043,130.2903882,124.615613,124.6555069,346250200
8/10/2024,132.5343628,133.1227802,129.0736479,129.9113963,285722500
9/10/2024,132.2950134,134.1600195,131.028423,133.7511131,246191600
10/10/2024,134.4492188,134.6387127,130.6494175,131.5569858,242311300
11/10/2024,134.4392548,135.4166278,133.3023062,133.6513604,170209500
14/10/2024,137.700531,139.2264355,135.9352633,136.1048065,232347700
15/10/2024,131.2478333,138.1991822,128.3954862,137.5010432,377831000
16/10/2024,135.3568115,136.254397,131.2278909,133.6214623,264879700
17/10/2024,136.5635681,140.5129779,136.5037311,138.9671226,306435900
18/10/2024,137.630722,138.5283076,136.9126475,138.2989273,176090200
21/10/2024,143.3254395,143.3254395,137.6307127,137.7603697,264554500
22/10/2024,143.2057343,144.0335149,141.4005804,142.5275613,226311600
23/10/2024,139.186554,142.0488694,137.0921824,141.6499458,285930000
24/10/2024,140.034256,140.9717429,138.0894774,140.4431624,172354900
25/10/2024,141.1612244,143.7443049,140.4232144,140.5528562,205122100
28/10/2024,140.1439514,142.756935,139.675208,142.6173103,173586700
29/10/2024,140.8720093,141.879301,138.5282919,139.9145716,157593600
30/10/2024,138.9671173,139.9544735,136.4438889,139.1665791,179418100
31/10/2024,132.4047241,137.2417514,131.7564696,137.2317837,270039600
1/11/2024,135.0376587,136.9425511,134.2098932,134.339535,207127800
4/11/2024,135.6859283,138.5881447,135.2072171,136.8428278,187528200
5/11/2024,139.5355988,139.9943593,136.9625011,137.0821751,160537400
6/11/2024,145.2203217,146.0979715,141.5800958,142.5774196,242043900
7/11/2024,148.4815979,148.5314519,145.7788432,145.9982557,207323300
8/11/2024,147.2349396,149.3692122,145.8685954,148.3718883,175665800
11/11/2024,144.8712921,148.4516972,143.1858272,148.2821387,182325600
12/11/2024,147.8931427,149.2495037,145.6192456,146.3871892,198634700
13/11/2024,145.8786011,148.9304104,145.5095808,148.6711116,191903300
14/11/2024,146.3672638,148.601275,145.1605103,147.2449138,194463300
15/11/2024,141.6000671,144.8513533,139.7051575,144.4823331,250132900
18/11/2024,139.7749329,141.1711954,136.7829613,139.1266784,221205300
19/11/2024,146.6165924,146.7362816,140.612713,140.9418318,227834900
20/11/2024,145.499588,147.1651172,142.3480407,147.0155247,309871700
21/11/2024,146.2774811,152.4808364,140.3234567,148.9503168,400946600
22/11/2024,141.5701294,146.7661938,140.7224132,145.5394744,236406200
25/11/2024,135.6560364,141.6698998,135.4565746,141.6100628,344941900
26/11/2024,136.5536041,138.9272402,135.3069491,137.3315157,190287700
27/11/2024,134.977829,136.852803,131.4473087,134.6487102,226370900
29/11/2024,137.8800201,138.9770824,135.6859107,136.4139529,141863200
2/12/2024,138.2590485,140.0741705,137.4512184,138.4585102,171682800
3/12/2024,139.8846436,140.163893,137.5808278,137.8899958,164414000
4/12/2024,144.7515717,145.399826,139.9145453,141.6199756,231224300
5/12/2024,144.681778,146.1579148,143.5746715,144.7316506,172621200
6/12/2024,142.0686188,145.3201135,140.9415602,144.2229907,188505600
9/12/2024,138.4480743,139.5851014,136.772462,138.6076608,189308600
10/12/2024,134.7178192,141.4502189,133.4411427,138.6475331,210020900
11/12/2024,138.9467621,139.8045203,134.8574615,137.0018495,184905200
12/12/2024,136.9819031,138.0790411,135.4459251,136.7225865,159211400
13/12/2024,133.8999634,139.2360201,132.1944152,138.5777373,231514900
16/12/2024,131.6558228,134.0495589,130.0799406,133.8301313,237951100
17/12/2024,130.0500183,131.2468864,126.5292237,128.7534049,259410300
18/12/2024,128.5738983,136.3435809,127.945536,133.5109892,277444500
19/12/2024,130.3392487,133.6805197,129.2122054,131.4164344,209719200
20/12/2024,134.3487701,134.9272596,127.8856708,129.4715213,306528600
23/12/2024,139.3058319,139.4255142,134.7676922,135.9246714,176053500
24/12/2024,139.8544159,141.5300284,138.2885019,139.6349883,105157000
26/12/2024,139.565155,140.4827697,137.3708941,139.335759,116205600
27/12/2024,136.6527405,138.6575091,134.3587499,138.1887334,170582600
30/12/2024,137.1315155,139.9042657,133.6705619,134.4784475,167734700
31/12/2024,133.9398499,137.710008,133.4810578,137.6701038,155659200
2/1/2025,137.9493713,138.5178924,134.2789738,135.6453968,198247200
3/1/2025,144.0933075,144.522179,139.3656612,139.6449299,229322500
6/1/2025,149.0403748,151.7632676,147.4345872,148.2025686,265377400
7/1/2025,139.7745819,152.7307157,139.644916,152.6309704,351782200
8/1/2025,139.7446899,143.5746742,137.2013355,142.2082511,227349900
10/1/2025,135.5556335,139.5551724,133.8700376,137.0916115,207602500
13/1/2025,132.8826141,133.141946,129.1723124,129.6510718,204808900
14/1/2025,131.4164581,136.0244228,129.7109251,135.6952814,195590500
15/1/2025,135.8847961,136.0942401,130.9476898,133.3015373,185217300
16/1/2025,133.221756,138.3882431,133.1419627,138.2785293,209235600
17/1/2025,137.3509521,138.1388857,135.1068186,136.3336074,201188800
21/1/2025,140.4628296,141.4602224,136.732575,138.7971854,197749000
22/1/2025,146.686554,147.4046627,143.2954096,144.2828339,237651400
23/1/2025,146.8361359,146.8461043,143.3452619,144.6717958,155915500
24/1/2025,142.2481232,148.5815721,141.5100624,147.9831304,234657600
27/1/2025,118.1112366,128.065211,116.39572,124.4746066,818830900
28/1/2025,128.6537018,128.6636702,115.9469121,121.4924136,579666400
29/1/2025,123.3774643,126.5591492,119.7369873,126.1701667,467120600
30/1/2025,124.3249969,124.6740829,117.792072,122.7790353,392925500
31/1/2025,119.7569275,127.5166406,118.8792248,123.4572531,388161100
3/2/2025,116.3558197,118.2608355,112.7153353,114.4507963,371235700
4/2/2025,118.3406296,120.8839761,116.3957095,116.6550337,256550000
5/2/2025,124.5045319,124.6740868,120.4451439,121.4425366,262230800
6/2/2025,128.3444977,128.4342746,124.8835511,127.0877882,251483600
7/2/2025,129.5014496,130.0300664,124.6740731,128.8830711,228186300
10/2/2025,133.221756,134.6480203,129.6211676,129.7508183,216989100
11/2/2025,132.4537201,134.1293321,130.6783628,132.2342925,178902400
12/2/2025,130.7980804,131.8952185,128.7434539,129.6810055,160278600
13/2/2025,134.9372253,136.144077,130.8279731,131.2169556,197430000
14/2/2025,138.4879913,138.8869424,135.1467195,136.1241601,195479600
18/2/2025,139.0365448,143.0660201,137.5703762,140.9016796,219176600
19/2/2025,138.8669739,140.9914251,136.8622201,139.1462426,167536000
20/2/2025,139.7446899,140.293259,136.4333389,139.6648967,143903600
21/2/2025,134.079483,141.0911672,133.6805321,139.6748563,228217600
24/2/2025,129.9403381,138.2286702,129.7408626,136.203964,251381100
25/2/2025,126.2998276,129.860519,124.1155429,129.6410914,271428700
26/2/2025,130.9377136,133.3813227,128.1549947,129.6510837,322553800
27/2/2025,119.8367386,134.6579876,119.6971042,134.6480192,443175800
28/2/2025,124.5942917,124.7638466,116.0965094,117.7122807,389091100
3/3/2025,113.7626038,123.3774683,111.9872461,123.1879689,411381400
4/3/2025,115.6875763,118.9989197,109.82291,110.361503,398163300
5/3/2025,116.9941635,117.9716041,114.211437,117.2734322,284337900
6/3/2025,110.2817078,115.0492435,109.9326218,113.2339892,321181900
7/3/2025,112.3961868,113.184128,107.2795574,110.9599389,341755500
10/3/2025,106.7010574,111.5583542,105.1850165,109.6134418,366487400
11/3/2025,108.4764175,111.9473394,104.4968157,106.7110284,354865700
12/3/2025,115.4488525,116.466291,112.5960463,113.8329325,323857500
13/3/2025,115.2892456,117.4637618,113.5037477,116.7355949,299033100
14/3/2025,121.3639221,121.5733929,117.8527805,118.3116224,277593500
17/3/2025,119.2293015,122.5808494,117.7330749,122.4312253,255501500
18/3/2025,115.1396255,118.7205909,114.251865,117.7031602,299686900
19/3/2025,117.2243729,120.1470027,115.3890051,116.9750017,273426200
20/3/2025,118.2318192,119.8976162,116.1770038,116.2568044,248829700
21/3/2025,117.4039078,117.6931792,115.1296446,116.6458251,266498500
24/3/2025,121.1045837,121.9125437,119.0397837,119.5784262,228452500
25/3/2025,120.3863983,120.9848875,118.6208466,120.2467511,167447200
26/3/2025,113.4738312,118.5410463,112.4264695,118.43133,293463300
27/3/2025,111.1496811,114.1620805,110.3816215,111.0698805,236902100
28/3/2025,109.3941116,112.5860663,108.7956225,111.2095329,229872500
31/3/2025,108.1073608,110.6808725,103.3892637,104.8655364,299212700
1/4/2025,109.8729095,109.9227792,106.2021666,108.2470051,222614000
2/4/2025,110.1422195,111.6983003,106.5213541,107.0200963,220601200
3/4/2025,101.5439224,105.3642822,101.344421,103.24962,338769400
4/4/2025,94.07276917,99.87812917,91.87830611,98.66120436,532273800
7/4/2025,97.39437103,101.4940323,86.40209688,87.23998008,611041300
8/4/2025,96.05774689,105.583718,94.22237171,103.5488489,476243400
9/4/2025,114.0423965,114.8104562,97.2846551,98.64123453,612918300
10/4/2025,107.2993927,110.5811172,98.90057618,109.0948676,437812400
11/4/2025,110.6509552,111.2693983,107.2096367,108.2270676,313417300
14/4/2025,110.4314957,114.0024916,108.7956219,113.8229441,264705000
15/4/2025,111.9177475,113.3341811,110.222027,110.6908459,228966900
16/4/2025,104.2271423,106.5213595,100.1973045,104.2869966,397016900
17/4/2025,101.2346878,104.2071946,99.79831547,104.1872407,292517500
21/4/2025,96.66621399,99.18984823,94.80091548,98.52152792,288501100
22/4/2025,98.64122772,99.55891151,97.03527729,98.53150383,241004800
23/4/2025,102.451622,104.5363684,101.7633553,104.2570663,247526000
24/4/2025,106.1622543,106.2719782,102.8506068,103.2196787,220815000
25/4/2025,110.7307434,111.6384502,105.4640271,106.5812047,251064700
28/4/2025,108.4564896,110.0923635,105.7533,109.4140737,207708500
29/4/2025,108.7457352,109.9227669,107.1697158,107.3991329,170444300
30/4/2025,108.6459961,108.6459961,103.8181754,104.2071937,235044600
1/5/2025,111.3292313,114.650856,111.0200135,112.7955345,236121500
2/5/2025,114.2119675,115.109705,113.0848128,113.8927728,190194800
5/5/2025,113.5336761,114.3815364,112.3765982,112.6259693,133163200
6/5/2025,113.2543793,114.4513575,110.5412205,111.1995639,158525600
7/5/2025,116.7655258,117.3839689,111.9975514,112.7656187,206758800
8/5/2025,117.0747528,118.381455,115.5585722,117.9525364,198428100
9/5/2025,116.3565598,117.932587,114.9201797,117.0547958,132972200
12/5/2025,122.6905899,122.6905899,119.9774309,121.6631821,225023300
13/5/2025,129.6031189,130.8898821,124.1568635,124.6655826,330430100
14/5/2025,134.9995422,135.0992968,131.3487455,132.8649261,281180800
15/5/2025,134.4908142,135.9571174,132.326275,133.9521641,226632600
16/5/2025,135.0593872,136.0070096,133.1242802,135.8773318,226542500
19/5/2025,135.2289734,135.5282065,132.0569649,132.0569649,193154600
20/5/2025,134.0419617,134.2414555,132.2863793,133.9521765,161514200
21/5/2025,131.4684601,137.0543641,130.2614971,132.7252851,270608700
22/5/2025,132.4958496,133.9122756,131.2190708,131.8973529,187344000
23/5/2025,130.9597015,132.346204,128.8350704,129.6729535,198821300
27/5/2025,135.1591339,135.3187351,132.9746407,133.8125239,192953600
28/5/2025,134.4708557,136.9047198,134.4509018,135.6877878,304021100
29/5/2025,138.8398438,143.1290293,137.563065,141.8921433,369241900
30/5/2025,134.7900848,139.2687805,132.5856374,138.3710505,333170900
2/6/2025,137.0344238,137.7725526,135.0593936,135.1491788,197663100
3/6/2025,140.8647308,141.6427674,137.602953,138.4308668,225578800
4/6/2025,141.5629883,142.0318072,139.1889705,141.8323133,167120800
5/6/2025,139.6378632,143.6377706,138.4807775,141.8123721,231397900
6/6/2025,141.3635101,142.9096142,141.1540317,142.1515162,153986200
9/6/2025,142.2711945,144.6352274,141.5829278,142.8297832,185114500
10/6/2025,143.5978699,143.9270264,141.1739747,142.3310603,155881900
11/6/2025,142.4805908,144.6353104,141.5229326,144.2562351,167694000
12/6/2025,144.6452789,144.6452789,141.502991,141.6226926,162365000
13/6/2025,141.6227112,143.2287734,140.5054558,142.1314581,180820600
16/6/2025,144.3360443,145.8223896,142.8496838,142.999326,183133700
17/6/2025,143.7674255,144.8647406,143.428261,144.1365307,139108000
18/6/2025,145.1240997,145.293682,142.7698725,143.6576947,161494100
20/6/2025,143.4980927,145.8423345,142.3010161,145.0941693,242956200
23/6/2025,143.8173065,144.4258148,141.6825423,142.1513938,154308900
24/6/2025,147.5381927,147.5980588,145.1440699,145.2039206,187566100
25/6/2025,153.9324951,154.072152,148.8948463,148.9048316,269146500
26/6/2025,154.6407623,156.3366004,153.6232534,155.5984053,198145700
27/6/2025,157.36409,158.3217482,154.8801759,155.6582665,263234500
30/6/2025,157.6035156,158.2718748,155.5784828,158.0125011,194580300
1/7/2025,152.9249878,156.8154412,151.119418,155.9076637,213143600
2/7/2025,156.8653259,157.2144758,152.5957971,152.6057672,171224100
3/7/2025,158.9501953,160.5861827,157.384044,157.9825671,143716100
7/7/2025,157.85289,158.9202645,156.9550826,157.8129793,140139000
8/7/2025,159.6085968,159.8280598,158.0025347,158.9402376,138133000
9/7/2025,162.4815521,164.0177781,160.7657585,160.8256093,183656400
10/7/2025,163.6985626,164.097578,161.2146485,163.9180256,167704100
11/7/2025,164.5165558,167.4792915,163.070106,163.3194944,193633300
14/7/2025,163.6686401,165.0851645,161.623652,164.9654477,136975800
15/7/2025,170.2824249,171.9782633,168.7860943,170.7712318,230627400
16/7/2025,170.9507751,171.3298504,168.4868163,170.6415359,158831500
17/7/2025,172.5767822,173.7339481,170.4120926,171.5991839,160841100
18/7/2025,171.9882202,173.8237152,170.8410244,173.2152069,146456400
21/7/2025,170.9607544,172.9558618,170.5816791,172.3273981,123126100
22/7/2025,166.6213837,170.9707182,164.1773803,170.9208374,193114300
23/7/2025,170.3622131,170.8410346,167.5590898,169.1152711,154082200
24/7/2025,173.3149719,173.4047481,170.8809386,172.0181492,128984600
25/7/2025,173.0755615,174.2925782,172.5368892,173.185293,122316800
28/7/2025,176.3176117,176.5670001,173.5444137,173.5942944,140023500
29/7/2025,175.0806427,178.9411858,174.5918511,177.5246614,154077500
30/7/2025,178.8314667,179.4499451,175.6093571,176.0782086,174312200
31/7/2025,177.4348755,182.8516001,175.4996188,182.4525695,221685400
1/8/2025,173.2950287,176.1081222,170.4719499,173.6641187,204529000
4/8/2025,179.5596466,179.7591543,174.0930572,174.7314909,148174600
5/8/2025,177.8239136,179.8190209,175.4696863,179.1805872,156407600
6/8/2025,178.9810944,179.4599159,175.8188508,175.8986569,137192300
7/8/2025,180.3277893,183.430182,178.3626073,181.1258353,151878400
8/8/2025,182.2530365,182.8515747,179.9586602,181.105856,123396700
11/8/2025,181.614624,183.3902684,179.8090543,181.604654,138323200
12/8/2025,182.7119293,184.0286922,179.0209839,182.5124216,145485700
13/8/2025,181.1457672,183.5199498,178.9112567,182.1732463,179871700
14/8/2025,181.5747223,182.572276,179.0209873,179.3102712,129554000
15/8/2025,180.0085449,181.4549946,177.6044371,181.4350545,156602200
18/8/2025,181.564743,182.4924759,180.1482186,180.1582039,132008000
19/8/2025,175.2103119,182.0535301,175.0606849,181.9836941,185229200
20/8/2025,174.9709015,175.5694398,168.3870566,174.7414684,215142700
21/8/2025,174.5519409,176.4672422,173.3848049,174.4222693,140040900
22/8/2025,177.5545807,178.1531037,170.7811828,172.1877371,172789400
25/8/2025,179.3701324,181.4650014,176.1380681,177.9137125,163012800
26/8/2025,181.3253326,181.943811,178.3725671,179.6195092,168688200
27/8/2025,181.1557312,182.0435533,178.6618473,181.5347912,235518900
28/8/2025,179.7292328,184.0187164,175.9784367,180.3776518,281787800
29/8/2025,173.753891,177.7141803,172.7264119,177.6742848,243257900
2/9/2025,170.3622131,171.9583051,166.8109245,169.5841225,231164900
3/9/2025,170.2026062,171.9882358,168.4668725,170.6415323,164424900
4/9/2025,171.2400818,171.4395895,168.9955858,170.1527518,141670100
5/9/2025,166.6114197,168.6164971,163.6686394,167.6189434,224441400
8/9/2025,167.8982391,170.5417652,166.9405962,167.1401039,163769100
9/9/2025,170.3422394,170.5617024,166.3320851,168.6763268,157548400
10/9/2025,176.8961945,178.8513911,175.040744,176.20788,226852000
11/9/2025,176.7465363,179.8491035,176.058183,179.2505315,151159300
12/9/2025,177.3950195,178.1731541,176.0282835,177.345136,124911000
15/9/2025,177.3251648,178.4225418,174.0929031,175.2501343,147061600
16/9/2025,174.4620209,177.0757539,173.9632159,176.576949,140737800
17/9/2025,169.8829803,172.7860288,168.0074841,172.2273697,211843800
18/9/2025,175.8187714,176.6767165,172.5466122,173.5641633,191763300
19/9/2025,176.2477417,177.6543753,174.7612974,175.3498989,237182100
22/9/2025,183.1711578,184.1089136,174.2924356,174.8810218,269637000
23/9/2025,178.00354,181.9840093,175.7888599,181.5350879,192559600
24/9/2025,176.5470276,179.350309,174.9807727,179.3403384,143564100
25/9/2025,177.2653046,179.8291541,172.7162059,174.0629701,191586700
26/9/2025,177.7640991,179.3403245,174.5118813,177.7441427,148573700
29/9/2025,181.4153595,183.5602146,179.8890176,179.9987401,193063500
30/9/2025,186.1340637,186.9022276,181.046247,181.644819,236981000
1/10/2025,186.7924805,187.6903233,183.4604519,184.7972607,173844900
2/10/2025,188.4385376,190.5933787,187.6105195,189.1468473,136805800
3/10/2025,187.1715698,189.9050265,184.9369333,188.7378247,137596900
6/10/2025,185.0965424,186.7825056,182.8918329,185.0566447,157678100
7/10/2025,184.5977325,188.6081287,183.5602249,185.7848908,140088000
8/10/2025,188.65802,189.1468544,186.0941551,186.1240974,130168900
9/10/2025,192.1097565,194.8332274,190.6033557,191.7705575,182997200
10/10/2025,182.722229,195.1524396,181.6148814,193.0474821,268774400
13/10/2025,187.8699341,189.6556494,185.5155737,187.5207645,153482800
14/10/2025,179.5997162,184.3583199,179.2705031,184.3283928,205641400
15/10/2025,179.4001923,184.4281395,176.8662546,184.3583147,214450500
16/10/2025,181.3754578,182.8419456,179.3403402,181.7944521,179723300
17/10/2025,182.7821045,183.6600062,179.3203966,179.7493616,173135200
20/10/2025,182.203476,184.7573549,181.2956473,182.6923103,128544700
21/10/2025,180.7270203,182.3531141,179.3702701,182.3531141,124240200
22/10/2025,179.8491211,183.0015722,176.3375298,180.7070663,162249600
23/10/2025,181.7246094,182.5925251,179.3602637,179.9887628,111363700
24/10/2025,185.8148193,187.021934,183.0614214,183.4006051,131296700
27/10/2025,191.0323334,191.541109,187.9796342,189.5359185,153452700
28/10/2025,200.54953,202.6644583,191.451332,192.5886068,297986200
29/10/2025,206.5451355,211.6828353,204.2905427,207.4828912,308829600
30/10/2025,202.4050751,205.6672638,200.9286167,204.659668,178864400
31/10/2025,202.0060272,207.472925,201.5870329,205.9565538,179802200
3/11/2025,206.3855591,210.8348911,205.0687066,207.582688,180267300
4/11/2025,198.2151184,203.4824976,197.4569251,202.5148147,188919300
5/11/2025,194.7434387,202.4350027,194.1847644,198.2949276,171350300
6/11/2025,187.6304626,197.1476539,185.9345289,195.9505252,223029800
7/11/2025,187.7002869,187.8698939,178.4823816,184.4580549,264942300
10/11/2025,198.5742645,199.4621368,193.3268264,194.6436789,198897100
11/11/2025,192.6983337,194.9529267,190.8427787,194.6935536,176483300
12/11/2025,193.3368073,195.4218083,190.6731906,195.2522165,154935300
13/11/2025,186.4133911,190.9824464,183.4105907,190.5933791,207423100
14/11/2025,189.7154694,190.553458,180.1483942,182.4229436,186591900
17/11/2025,186.1540222,188.54828,183.8794728,185.5255231,173628900
18/11/2025,180.9265442,184.3583249,179.2206244,182.9417206,213598900
19/11/2025,186.0742035,187.4109971,182.3930205,184.3483274,247246400
20/11/2025,180.208252,195.5315406,179.4201468,195.4816571,343504800
21/11/2025,178.4524689,184.118886,172.5166776,180.8068289,346926200
24/11/2025,182.1137085,183.061435,176.0582085,179.0610243,256618300
25/11/2025,177.3950195,177.7342033,169.1447805,174.4919707,320600300
26/11/2025,179.8291473,182.4728226,177.8139864,181.1958832,183852000
28/11/2025,176.5769653,178.8614855,176.0781603,178.5821559,121332800
1/12/2025,179.4899597,179.8690563,173.2648689,174.3422893,188131000
2/12/2025,181.0263214,185.2162805,179.5698041,181.3255922,182632200
3/12/2025,179.1607513,182.0139162,178.6819029,180.6471955,165138000
4/12/2025,182.951889,184.089227,179.5398751,181.1959882,167364900
5/12/2025,181.9841461,184.2288932,180.487648,183.4606866,143971100
8/12/2025,185.1168213,187.5610985,181.9741661,182.2136113,204378100
9/12/2025,184.5381775,185.2864266,182.8920356,185.1267964,144719700
10/12/2025,183.3509674,185.0469957,181.6150239,184.5381918,162785400
11/12/2025,180.5075989,180.896703,176.2076633,179.8591224,182136600
12/12/2025,174.6114197,182.3932136,174.2123443,180.6871989,204274900
15/12/2025,175.8784332,178.0034655,174.6213803,177.5245903,164775600
16/12/2025,177.3050995,178.0733061,174.4916757,175.8485013,148588100
17/12/2025,170.5409241,175.7188099,169.91239,175.6888811,222775500
18/12/2025,173.7334595,175.7387615,171.4188836,174.1225484,176096000
19/12/2025,180.5674896,181.0264072,175.9283358,176.2575672,324925900
22/12/2025,183.2611694,183.7300734,181.9243014,183.4906282,129064400
23/12/2025,188.7682953,188.8880103,182.4730132,182.5428571,174873600
24/12/2025,188.1696777,188.4689804,186.1543893,187.5012437,65528500
26/12/2025,190.0852051,192.2401662,187.5611126,189.4766285,139740300
29/12/2025,187.7805939,188.3193265,185.4759891,187.27179,120006100
30/12/2025,187.1021729,188.5487999,186.4935963,187.8005508,97687300
31/12/2025,186.0646057,190.115125,186.0546345,189.1274459,120100500
2/1/2026,188.4091339,192.4795957,187.8204997,189.396813,148240500
5/1/2026,187.6808167,193.1779629,185.7154145,191.3123182,183529700
6/1/2026,186.802887,191.7213704,186.3838693,190.0752285,176862600
7/1/2026,188.6685181,190.9232366,186.1244681,188.1297854,153543200
8/1/2026,184.608017,189.1074981,183.2811353,188.6685228,172457000
9/1/2026,184.4284363,185.9049769,183.241212,184.6479239,131327500
12/1/2026,184.508255,186.6831584,182.5927391,182.7922692,137968500
13/1/2026,185.3762054,187.6708389,182.9718282,184.5680989,160128900
14/1/2026,182.7124634,184.0293892,180.3779297,183.8897166,159586100
15/1/2026,186.613327,189.2571344,185.8950067,186.064608,206188600
16/1/2026,185.7952423,189.9954208,185.6455986,188.6385951,187967200
20/1/2026,177.6543121,181.9542482,177.1953793,181.4753578,223345300
21/1/2026,182.8920288,184.9472171,177.9835016,178.6319933,200381000
22/1/2026,184.4084778,185.7353747,183.5005986,184.3186915,139636600
23/1/2026,187.2318726,189.1573748,186.3838661,187.0622713,142748100
26/1/2026,186.0346832,188.6784907,185.5558081,186.7230748,124799600
27/1/2026,188.079895,189.5564356,185.2664711,186.8028845,143711600
28/1/2026,191.072876,191.9009401,189.3967902,190.8234596,148552700
29/1/2026,192.0605774,193.0283141,185.625638,190.8933106,171764400
30/1/2026,190.6838074,194.035964,189.027679,190.7636224,179489500
2/2/2026,185.1766815,189.8557348,184.44839,186.7629659,165794100
3/2/2026,179.9189758,185.8351396,175.8185704,185.8052109,204019600
4/2/2026,173.7833557,179.1607721,171.5086796,179.0410572,207014100
5/2/2026,171.4787445,176.4072143,170.6307228,174.521612,206312900
6/2/2026,184.9771729,186.5634574,174.1924107,176.2775281,231346200
9/2/2026,189.5963287,193.2078879,183.52055,183.8298239,196387400
10/2/2026,188.0998535,192.0306582,187.6808358,190.9332352,136764800
11/2/2026,189.6063232,192.8088208,188.3293127,192.0007143,144192700
12/2/2026,186.5035858,193.1580127,186.0745817,192.5793649,189932500
13/2/2026,182.3832245,187.062278,181.1660714,187.0423205,161888000
17/2/2026,184.5381775,186.7130808,178.7616861,181.3256936,162276900
18/2/2026,187.5411377,189.9255574,186.3239847,188.3093443,164749100
19/2/2026,187.4613342,187.9900957,185.2265733,186.6232989,126554500
20/2/2026,189.3768616,189.8856655,185.5059148,186.1344489,178422300
23/2/2026,191.1028137,193.4972046,189.1374116,190.9531548,171584800
24/2/2026,192.3997955,193.317646,186.9625064,191.0429699,175123600
25/2/2026,195.1034546,197.1686294,193.3375825,193.9960453,250637100
26/2/2026,184.458374,193.8364237,183.8897126,193.8164813,360807900
27/2/2026,176.7763519,182.1637395,175.9682453,180.8268714,311636500
2/3/2026,182.0539856,183.0317087,174.2322922,174.6014235,209095300
3/3/2026,179.6296692,180.4776757,176.5069714,178.0733135,178099400
4/3/2026,182.6126709,184.2687991,179.6396322,180.01875,177731200
5/3/2026,182.911972,183.6302924,177.4647274,180.7470399,198779700
6/3/2026,177.404892,182.3333469,176.4072264,179.4201654,189021900
9/3/2026,182.223587,182.4829898,175.1501427,176.4171821,177213600
10/3/2026,184.3386383,186.0047377,181.5850721,181.974161,179118500
11/3/2026,185.6057434,187.1921136,184.0293449,185.4860219,145280400
12/3/2026,182.7223511,184.5182492,181.3355216,183.6302795,155762700
13/3/2026,179.8389282,185.6656061,179.5296376,184.4982762,160988400
16/3/2026,182.8021698,188.4492659,180.9962999,182.5527399,217307400
17/3/2026,181.5150909,184.9771786,181.2656611,184.6379577,182497800
18/3/2026,179.9885864,182.9618014,179.918754,182.0638448,156683100
19/3/2026,178.1527863,179.5695461,175.3890991,177.6040375,170968500
20/3/2026,172.3061371,177.8534545,171.3283763,177.5940529,241323500
23/3/2026,175.2394409,177.9632107,174.3614429,176.8557415,182836300
24/3/2026,174.8004456,175.8181237,173.5832266,174.4312942,147667800
25/3/2026,178.2725067,180.8067227,176.4466935,176.6961234,162602100
26/3/2026,170.8494873,176.1074579,170.7497093,175.6684742,186152200
27/3/2026,167.1379547,170.5800835,166.6291081,169.6122945,196212700
30/3/2026,164.7933197,169.0635577,163.8953783,168.3950875,185627000
31/3/2026,174.0022736,174.2217731,166.5792533,166.589225,226181300
1/4/2026,175.3491974,176.9654981,174.3514779,175.5986273,168132000
2/4/2026,176.9854431,177.0852211,170.9791681,171.7873184,143143200
6/4/2026,177.2348785,177.3845304,175.3591611,176.7559775,107564300
7/4/2026,177.6938324,177.8235256,173.2639558,175.3292271,132534900
8/4/2026,181.6647644,184.837505,179.888825,184.0792437,147732700
9/4/2026,183.4905853,183.6601958,180.2080799,181.4252988,116428500
10/4/2026,188.1998291,189.5666999,183.879702,183.8896737,160459500
13/4/2026,188.8782654,189.2274733,185.3164149,185.6057468,133648200
14/4/2026,196.0618439,196.0618439,190.334944,190.4047764,161307000
15/4/2026,198.4164734,199.942983,195.2936217,196.0917851,185338400
16/4/2026,197.8976593,199.3942385,195.3634434,196.979744,134012900
17/4/2026,201.220047,201.2400056,198.8155547,199.4441076,160324400
20/4/2026,201.5991821,201.7089319,197.388805,199.5239239,119381400
21/4/2026,199.4241791,202.2876292,198.546181,201.669048,107945300
22/4/2026,202.0381927,202.0381927,198.5461746,200.5316418,107501000
23/4/2026,199.1847076,203.3651545,196.7702284,201.9982838,113561800
24/4/2026,207.7950287,210.4689094,199.3543157,199.5039827,214134400
27/4/2026,216.1160126,216.3355121,206.9070662,209.1718784,187172400
28/4/2026,212.6838531,214.2402931,207.7251863,209.0122529,180275400
29/4/2026,208.7727966,212.2348844,207.106607,212.2149257,123711800
30/4/2026,199.1148834,209.8204092,198.2468571,209.4512426,225239200
1/5/2026,197.9974213,202.5370478,196.6704526,200.8209691,128647000
4/5/2026,198.0273438,201.2699318,194.2958829,199.0450218,125368100
5/5/2026,196.0518646,199.7833407,195.5829353,198.845482,113406600
6/5/2026,207.3560333,207.7950323,198.1570589,199.4341385,188362800
7/5/2026,211.0176697,213.7115092,206.0290723,207.8648725,168307900
8/5/2026,214.7092285,217.3033052,212.404499,212.5441791,136421400
11/5/2026,218.9395599,221.7930382,213.4022139,213.5518657,160685800
12/5/2026,220.2765045,223.2397326,214.4298678,218.0515943,159176600
13/5/2026,225.3149872,227.3203978,221.0647078,224.4170305,150405400
14/5/2026,235.2023926,236.000556,228.7770768,229.3258255,180782900
15/5/2026,224.8061676,230.9720669,223.7286287,229.2360294,180977600
18/5/2026,221.8130035,229.4754819,217.8719994,229.3457735,146280900
19/5/2026,220.1068878,223.9680572,217.4130484,219.1191401,140948200
20/5/2026,222.9603729,225.6143104,219.9971449,222.6710258,184201600
21/5/2026,219.0093994,226.8814056,217.4330008,221.7830584,203381800
22/5/2026,214.8389282,220.5059673,214.3101381,220.3962176,169275700
26/5/2026,214.3700104,217.6824312,211.516532,216.0461718,187202600
27/5/2026,212.1151581,213.661611,208.3038625,213.6316807,167601200
28/5/2026,213.7613831,215.028491,210.7382945,210.7981552,143996000
29/5/2026,210.658493,217.3631692,210.6485213,214.0906505,289410600
1/6/2026,223.8483429,224.3571743,215.2080886,215.2380189,212850700
2/6/2026,222.3118439,231.7502609,220.8451951,226.6618858,193362900
3/6/2026,214.2602539,222.3118573,214.0207958,221.2143598,160907000
4/6/2026,218.4156036,221.35232,210.7341964,213.6709128,169022200
5/6/2026,204.8707581,214.6298268,204.1016144,214.2902105,219655500
8/6/2026,208.4067993,210.2347557,205.7697507,209.9450713,138372800
9/6/2026,207.9573059,211.1637095,199.1171916,210.3845826,180962500
10/6/2026,200.1959839,206.9883864,199.6965427,204.2014963,161746600
11/6/2026,204.6410065,205.430132,199.3169621,201.2647948,158643200
12/6/2026,204.9606628,206.8385665,203.2126188,204.6310299,112001800
15/6/2026,212.2125397,212.4722588,208.1071328,208.6864864,149936700
16/6/2026,207.1781769,211.2536184,207.0583006,210.9439521,125694100
17/6/2026,204.4212494,208.9761653,202.8530122,208.2969175,128363500
18/6/2026,210.4545135,211.1537281,206.2691943,207.0982684,241272000
22/6/2026,208.4167786,213.7508214,207.4878254,211.2036686,122041400
23/6/2026,199.8164063,203.5422482,199.7764577,201.9440304,153496200
24/6/2026,198.7775726,201.4445865,196.3602794,199.8963159,151810700
25/6/2026,195.521225,200.5755669,191.9152593,199.8563705,149550000
26/6/2026,192.3148041,195.3314328,191.0062707,192.904141,179304100
29/6/2026,194.7520752,195.9607142,189.5878557,193.6333319,148835700
30/6/2026,199.8663483,200.4057532,194.8919189,197.019543,166476700
1/7/2026,197.3591614,199.6266284,193.2337727,195.980699,146147600
2/7/2026,194.6122437,199.8363939,192.1350198,196.9196594,142068700
6/7/2026,195.3314362,197.3292008,193.7731822,194.2026943,108999000
7/7/2026,196.7098846,198.1882414,190.9263628,192.1549838,124154600
8/7/2026,203.8918457,204.9306918,194.8419747,194.9618357,147419100
9/7/2026,202.5533447,204.3613192,198.7376224,204.2314749,132037400
10/7/2026,210.7242126,210.7641612,201.6943083,201.7742207,148421000
13/7/2026,203.3025055,210.3346452,202.7730991,208.3069001,121411000
14/7/2026,211.5632782,212.3124399,203.5722196,207.9672958,124379600
15/7/2026,212.2624817,213.571015,205.8096955,211.723092,124797200
16/7/2026,207.1681824,210.8440772,205.619927,209.9350906,122986100
17/7/2026,202.583313,206.4190173,197.7487264,202.4135048,144281900
20/7/2026,203.0527954,207.5078172,202.0539131,205.6398969,88701500
21/7/2026,207.0583038,208.4167844,203.7819711,207.3080244,108685600
22/7/2026,211.8229828,214.1503804,204.7209289,205.5799683,137645600
23/7/2026,208.5266571,210.6342993,205.7297989,209.2258869,110505300
24/7/2026,206.6088104,211.673151,204.5810806,207.2181292,114836800
27/7/2026,196.2903595,208.5166846,195.2215633,207.9672963,154353700
28/7/2026,196.7897949,198.4779084,192.5245785,194.782047,134111500
29/7/2026,189.7976227,196.8497446,189.7976227,195.631107,147680800
30/7/2026,194.821991,197.0295275,191.3059364,193.2337718,129010200
31/7/2026,200.5256195,201.7742224,194.7320992,198.2182039,139961200
3/8/2026,206.4090424,208.5067013,196.6299911,197.4690486,128406900
4/8/2026,211.7031097,212.821853,208.8163406,211.0638257,134922000
5/8/2026,218.9749756,221.9716224,216.1581202,216.6176128,158187400
6/8/2026,218.7452393,223.3800525,216.757458,221.2823936,113940600
7/8/2026,223.7096863,224.5087799,220.4133716,221.2923777,105669400
10/8/2026,217.306839,223.8894694,216.527712,223.1502911,115846600
11/8/2026,217.256897,221.9516407,215.958347,221.9216754,101273100
12/8/2026,223.8395233,224.8484042,219.9538719,220.7929294,108783600
13/8/2026,225.0481873,226.9760228,223.459968,224.80845,98867200
14/8/2026,224.9083405,227.235738,224.2490745,226.5165416,75680900
17/8/2026,224.7584991,227.6652503,224.6086729,225.7274162,93678700
18/8/2026,219.4944,221.3922703,218.4455706,220.2035979,103128200
19/8/2026,217.3168335,222.6208961,216.5177246,221.4222404,96797300
20/8/2026,216.6076355,219.6142658,215.4189631,218.1159423,92457000
21/8/2026,214.480011,218.4955221,214.2602557,218.1758725,98869300
24/8/2026,208.2469788,215.3490326,207.0183578,215.2891021,135187300
25/8/2026,212.8118744,214.4899893,209.875158,210.7941279,122309000
26/8/2026,209.4256592,213.3612577,208.9961319,212.4023241,179900000
27/8/2026,227.725174,230.2123963,220.6530857,222.6109016,298909800
28/8/2026,217.306839,229.0037417,216.5676606,227.1058715,195116400
31/8/2026,220.5332336,221.0526567,215.9683494,218.6253648,124702700
1/9/2026,217.1969757,220.1636574,214.8595947,216.5077445,109756200
2/9/2026,224.1591797,227.6952163,218.2357997,218.5454508,157104700
3/9/2026,228.1946564,230.1424738,224.4987949,225.7673797,134681600
4/9/2026,230.1025238,234.4975998,229.373344,230.8317036,135352400
8/9/2026,225.4776917,233.4487832,224.5986856,232.8494477,122965600
9/9/2026,223.4199982,225.9271872,223.2102414,225.0281993,82955500
10/9/2026,218.3600006,220.9900055,217.1999969,220.5299988,105768000
12/9/2026,218.2899933,222,218.1499939,221.2400055,88804100
